Date,regime_0,regime_1,regime_2,regime_3
2007-05-11,8.76453285365419e-118,1.0,1.0846413043217383e-177,3.795108384737494e-304
2007-05-18,0.10771728626435936,0.8918955674024006,0.0003871463332399685,2.1328997071163007e-27
2007-05-25,0.3499444560122613,0.649321557058391,0.0007339853570651053,1.572282519652639e-09
2007-06-01,0.8772673546271142,0.12149408965744081,0.0012385544399337524,1.275511051729481e-09
2007-06-08,0.998805305360912,0.0004081299074493982,0.0007865603011942942,4.430444235656546e-09
2007-06-15,0.9987324517513423,0.00037670117609906253,0.0008908414537434097,5.6188153501399e-09
2007-06-22,0.997792164388535,0.0003283206214866517,0.0018794909603310614,2.4029647335941586e-08
2007-06-29,0.9908904509498034,0.0031227487220507107,0.005986475278022194,3.2505012374333e-07
2007-07-06,0.9227031926762865,0.0015351729453582685,0.07576015076469444,1.4836136605932473e-06
2007-07-13,0.6926020836105775,0.04058538239252796,0.2667883381064794,2.4195890415245447e-05
2007-07-20,0.23989452251360868,0.0728831395575403,0.686997172731755,0.0002251651970960671
2007-07-27,4.843981558333091e-07,6.641421268892962e-26,0.9947790117745798,0.005220503827264248
2007-08-03,0.017000343632092473,9.076186977772648e-07,0.9823667100332998,0.000632038715909913
2007-08-10,0.24382797989768557,0.0012995762566336243,0.7547047146029933,0.00016772924268754533
2007-08-17,0.4733578099489544,0.17174651530072862,0.3547574325970033,0.00013824215331367944
2007-08-24,0.06158392512914797,0.8834711220187673,0.054918077263580826,2.6875588503908572e-05
2007-08-31,0.0024528019950084026,0.9864927302441437,0.011039519849685082,1.4947911162719622e-05
2007-09-07,0.0006802318081740432,0.990177608220624,0.009136641843437281,5.518127764683834e-06
2007-09-14,0.0004297887049141632,0.9856392848875899,0.013921099803993179,9.826603502719983e-06
2007-09-21,0.00027542534457943474,0.9894108790924262,0.010303877921470197,9.817641524262751e-06
2007-09-28,0.00018680929900320096,0.9886018995000245,0.01120065425420042,1.0636946771895327e-05
2007-10-05,0.0010984762677180692,0.9824101750979718,0.01648356908052553,7.779553784595093e-06
2007-10-12,0.004393962984088744,0.8677388076359065,0.12784308213621504,2.414724378958009e-05
2007-10-19,0.0009320889315691693,2.352474311384673e-09,0.9989212001078173,0.00014670860813929557
2007-10-26,0.00033108564718974386,6.110908589938028e-08,0.9988813830781454,0.0007874701655789317
2007-11-02,0.0002665205336942821,7.018990310064826e-06,0.9977269168748643,0.0019995436011313607
2007-11-09,4.108913312926568e-06,1.1699199634992379e-13,0.9927752231707686,0.007220667915801353
2007-11-16,0.011287644790818264,0.0019036932278046652,0.9860804768262624,0.000728185155114691
2007-11-23,0.01813908943661567,0.00011868349755721495,0.9813318426992241,0.0004103843666029252
2007-11-30,0.05789959441484531,2.5478555832846436e-08,0.9419149094059882,0.0001854707006106312
2007-12-07,0.5301081192465172,0.002821010764750949,0.4669223075598899,0.00014856242884194972
2007-12-14,0.5630807139770411,0.0028180447118964103,0.4339783972938669,0.00012284401719566933
2007-12-21,0.22048708352282945,0.5934803953759082,0.18592279385139499,0.0001097272498674132
2007-12-28,0.0766910676213624,0.6093940444612289,0.31377918713122643,0.00013570078618222473
2008-01-04,0.0010858375677530463,9.142683204862339e-08,0.9978935777886025,0.0010204932168123766
2008-01-11,0.00013586751980302733,5.34436362396125e-05,0.9918856625714373,0.007925026272520095
2008-01-18,2.3671684622621183e-08,2.0807383545297742e-21,0.9727189137952807,0.027281062533034542
2008-01-25,0.00030318650393290397,5.99458188520795e-05,0.9917798790016342,0.007856988675580785
2008-02-01,1.800887026364637e-07,1.0933019586030548e-20,0.9906446991474891,0.009355120763808284
2008-02-08,1.8895835953739203e-07,6.363557054677318e-23,0.9933226851491606,0.006677125892480046
2008-02-15,0.010112937809238817,2.682228099807767e-08,0.98926814655855,0.0006188888099301243
2008-02-22,0.023938808270174895,5.51675325461026e-06,0.9757612230975714,0.00029445187899913313
2008-02-29,0.014838755852577707,0.0001844444072401168,0.9846047452027054,0.000372054537476815
2008-03-07,0.015786354539100503,8.691204832135807e-05,0.9837733815094308,0.00035335190314732126
2008-03-14,0.012130629395099816,0.07350579831652596,0.9133875683307636,0.000976003957610531
2008-03-21,0.35801973088082123,0.0027229925293518155,0.639159749483357,9.752710647010699e-05
2008-03-28,0.7235354474262209,0.06140439330505848,0.2149878909529558,7.226831576471462e-05
2008-04-04,0.8059319531623734,2.1268787280242317e-06,0.194045510853676,2.0409105222620507e-05
2008-04-11,0.9199227730882883,2.500749296632761e-05,0.08003793108047899,1.4288338266488795e-05
2008-04-18,0.943440394797634,1.7777942026723393e-06,0.05655688389647646,9.43511686918097e-07
2008-04-25,0.993804662373029,0.0032275689055369866,0.0029675782661960507,1.904552378692581e-07
2008-05-02,0.9963907026039223,0.0026084568834766125,0.0010006985054527237,1.4200714846152085e-07
2008-05-09,0.9827532640521492,0.0032493262847261583,0.013997098118920576,3.1154420404663324e-07
2008-05-16,0.7790408506928257,0.0012772381511260238,0.21967797456687663,3.9365891716815925e-06
2008-05-23,0.0823164498725464,1.1230504363789637e-07,0.9175843574763787,9.908034603126131e-05
2008-05-30,0.05135132491612891,2.906425018407154e-06,0.9483792153984884,0.00026655326036436054
2008-06-06,0.04200233412514024,4.248166221698143e-10,0.9576608973777051,0.0003367680723382219
2008-06-13,0.19336365617382956,0.0032076692989386796,0.8029285194799332,0.0005001550472985591
2008-06-20,0.037891464522460803,1.5727272827973975e-10,0.9617183977512692,0.0003901375689973362
2008-06-27,0.01363047823525521,1.1047321875536705e-06,0.9859794675091451,0.000388949523412145
2008-07-04,0.022682998323905846,0.00089483812859811,0.9760946568275467,0.0003275067199493097
2008-07-11,0.015755355929511237,0.0002137162939720534,0.9832025727231346,0.0008283550533821225
2008-07-18,0.16719865697276,0.009191070291429166,0.8234007266715444,0.00020954606426638617
2008-07-25,0.5172911102228369,0.4098551129641988,0.07284356596823649,1.0210844727849975e-05
2008-08-01,0.7612096746098984,0.23121264234614913,0.007577503929555599,1.7911439684630824e-07
2008-08-08,0.9986789060575988,6.0654396971644215e-05,0.0012604335995930968,5.945836418007762e-09
2008-08-15,0.9998167100293223,7.072171971714675e-05,0.0001125616465375212,6.604423079210132e-09
2008-08-22,0.9988595042811421,0.0004595378081300712,0.0006809526760778029,5.234649964344257e-09
2008-08-29,0.9826787707926496,0.00477362356462983,0.012547384437125868,2.212055946227483e-07
2008-09-05,0.7716974031768666,1.2047076510454475e-06,0.228297776943485,3.615171997410245e-06
2008-09-12,0.6121304870171246,0.0027816385010447178,0.38498531675695175,0.00010255772487889566
2008-09-19,0.11511420848920625,0.00041534429801251164,0.8827312804216152,0.001739166791165924
2008-09-26,4.836520277833553e-07,5.45289344352672e-13,0.939441897428207,0.060557618919219895
2008-10-03,7.107650707092922e-44,6.255999400696338e-92,7.99527776835351e-05,0.9999200472223165
2008-10-10,1.180980292817628e-177,0.0,3.159534843558901e-40,1.0
2008-10-17,1.2658719458055741e-120,4.4068258539839353e-197,9.798995943359214e-16,0.9999999999999991
2008-10-24,6.792556612196436e-103,5.844804651976958e-208,3.2028613473731e-16,0.9999999999999998
2008-10-31,7.122498251346445e-112,9.933325385681284e-255,1.0421255564341459e-21,1.0
2008-11-07,1.4196380131495702e-30,1.9907407466821607e-26,0.01746664258520467,0.9825333574147953
2008-11-14,2.968060640695862e-34,4.552797403835354e-77,1.4311963678393744e-05,0.9999856880363217
2008-11-21,4.60022521891704e-64,1.102809887010007e-126,5.244618017031452e-12,0.9999999999947554
2008-11-28,9.423201575282444e-94,1.4403348306437246e-190,3.819673120889241e-23,1.0
2008-12-05,1.6275086568678984e-61,2.0686867578928682e-91,3.4160658706433924e-10,0.9999999996583935
2008-12-12,9.08547158799534e-35,4.9668421550289426e-54,9.232190441152706e-09,0.9999999907678095
2008-12-19,1.769070828626978e-21,3.9114936528453536e-15,1.954556449034152e-05,0.9999804544355058
2008-12-26,2.1410123593347363e-20,1.0336004570970265e-17,1.264567573665587e-05,0.9999873543242633
2009-01-02,8.545885866364883e-14,1.9319423006454743e-08,0.00296298051139703,0.9970370001690945
2009-01-09,5.623840979053482e-08,0.0016895730444438867,0.5577531818756563,0.44055718884149003
2009-01-16,0.0016620089324016888,4.197698210352699e-09,0.9710680623293184,0.02726992454058165
2009-01-23,0.00513956365518283,1.347274554370573e-12,0.9873462477171702,0.007514188626299722
2009-01-30,0.08321968217269582,0.14440820658504552,0.7593549977509886,0.013017113491270091
2009-02-06,3.7672404393381857e-07,1.0841335898860825e-25,0.9382742018759911,0.061725421399964876
2009-02-13,1.2051351662783179e-06,1.3855913046634825e-17,0.8402119396001783,0.15978685526465547
2009-02-20,4.4370422006364705e-13,5.571995265954093e-34,0.1169851195615066,0.8830148804380498
2009-02-27,6.498768102253483e-18,5.819157338584745e-49,0.006140740411554063,0.9938592595884459
2009-03-06,6.182246230319082e-26,2.7713289377148744e-58,0.00031319916148365485,0.9996868008385165
2009-03-13,3.7018586249972966e-48,5.139216668580089e-125,5.137374713505753e-10,0.9999999994862625
2009-03-20,5.559693587213026e-17,1.8959210105103076e-25,0.11750834232360073,0.8824916576763993
2009-03-27,3.382293621216837e-12,9.66711040413647e-36,0.14816812446697042,0.8518318755296473
2009-04-03,0.0030311670433635146,0.9232538516621764,0.06902171712482269,0.004693264169637439
2009-04-10,0.0051764152582436645,0.9909429985967094,0.0038524002265392736,2.8185918507669234e-05
2009-04-17,0.006878706869451459,0.9897612639376161,0.0033496494871759477,1.0379705756426197e-05
2009-04-24,0.009638634897450217,0.9314106952877362,0.05892682882961823,2.3840985195351388e-05
2009-05-01,0.03704692433548467,0.7514366726163696,0.21126158988758784,0.0002548131605577559
2009-05-08,0.13917691810899213,0.001400042762786231,0.8593429310868115,8.010804141003093e-05
2009-05-15,0.00022815722508457329,2.8754918293081504e-16,0.998456318692326,0.001315524082589174
2009-05-22,0.02951818369930078,0.02699605515180444,0.9430258925349148,0.00045986861397990077
2009-05-29,0.003808159545771596,6.411443531711798e-08,0.9951248539178872,0.0010669224219059274
2009-06-05,0.06927261430479034,0.0006009374528676778,0.9295208592028766,0.000605589039465382
2009-06-12,0.08396865502653378,0.024692079218031383,0.8840759705124743,0.007263295242960567
2009-06-19,0.20058631859069045,1.4375918228115807e-05,0.7988867044128427,0.0005126010782387643
2009-06-26,0.2635756560480019,0.04086535310091709,0.6952287491958025,0.00033024165527859305
2009-07-03,0.1335741004374742,0.00018143078838853856,0.8660287628080823,0.00021570596605499615
2009-07-10,0.030117933289101475,8.479504564336777e-07,0.9694170188508281,0.00046419990961404093
2009-07-17,2.505316387660923e-07,8.275861750504708e-25,0.9953914793898571,0.004608270078504095
2009-07-24,0.008628726374648508,2.7963671703386166e-07,0.9906569315427537,0.0007140624458809108
2009-07-31,0.002054035934642899,0.8555701588980085,0.1422204009539332,0.00015540421341548273
2009-08-07,0.0016875901095936268,0.9837419124662433,0.01455838734772789,1.21100764350375e-05
2009-08-14,0.0027988659698694918,0.9832759498930395,0.013918515029063218,6.669108027758654e-06
2009-08-21,0.07999298703552377,0.8463083475198413,0.07369423935714016,4.426087494700348e-06
2009-08-28,0.11122235560763467,0.7417764409326166,0.14697715623590699,2.4047223841645715e-05
2009-09-04,0.04761974195209435,0.5349610178374012,0.41733560428227023,8.363592823413533e-05
2009-09-11,0.006872534453044489,0.5496172770048721,0.44310805558056027,0.00040213296152310867
2009-09-18,0.001250892887396187,0.6199486808634553,0.3784031750014187,0.0003972512477298888
2009-09-25,0.005838324006626708,0.573767368371434,0.42012883484008007,0.00026547278185909894
2009-10-02,0.035136747657446205,0.19324933696443236,0.7714179187934439,0.00019599658467736388
2009-10-09,0.006856981636714094,2.3833421228915166e-07,0.9927434348916373,0.0003993451374363664
2009-10-16,0.012180722978845477,0.0019009781402708808,0.985560005462215,0.00035829341866867057
2009-10-23,0.012307741587454782,0.02752608000331359,0.9597482829699682,0.00041789543926348284
2009-10-30,0.002102287670515844,2.1820571223033982e-08,0.9974901048117467,0.00040758569716625617
2009-11-06,0.0013878503704581244,1.8499527541173286e-09,0.9982112600704544,0.0004008877091347939
2009-11-13,0.00620460120868193,6.349968872989744e-05,0.9933079693877752,0.0004239297148128996
2009-11-20,0.010608566531291691,0.15136171610593485,0.8374015970723895,0.0006281202903840555
2009-11-27,0.0005968696696930187,0.6717704128997065,0.3268551097936939,0.0007776076369064094
2009-12-04,0.003021761772476235,0.9571880725343869,0.039756175165485116,3.3990527651792774e-05
2009-12-11,0.014409976417549531,0.9825796626730435,0.0030076785475448503,2.6823618621171225e-06
2009-12-18,0.14552164807435777,0.8537902432047705,0.000688078531332779,3.0189539013562675e-08
2009-12-25,0.6835709448620486,0.31569674342756693,0.0007322897990769457,2.1911307501613542e-08
2010-01-01,0.6918950860017563,0.30583676111924535,0.0022680157678738946,1.3711112446102634e-07
2010-01-08,0.6145129432021588,0.3267259866945018,0.05876047391872689,5.961846125009106e-07
2010-01-15,0.3854418192097322,0.4268677755614234,0.1876659592782453,2.4445950599202118e-05
2010-01-22,0.1061685883492355,3.1372533336852595e-10,0.8937455373310587,8.587400598038758e-05
2010-01-29,0.24573374769204626,9.96029289026859e-06,0.7541233892977881,0.000132902717275306
2010-02-05,0.5392300165275953,7.065471870369316e-06,0.460610081845512,0.00015283615502254726
2010-02-12,0.6006493567892727,1.0466505375121237e-07,0.39920436944344545,0.00014616910222815265
2010-02-19,0.6373123210285243,0.01252202150832956,0.3500585820672093,0.00010707539593665896
2010-02-26,0.04048503316623068,0.9274422277115183,0.03205269957646424,2.003954578670541e-05
2010-03-05,0.0126698388962257,0.9727676580281127,0.014556779755855898,5.723319805699606e-06
2010-03-12,0.0009156867289515831,0.9975037788866394,0.0015793486257641616,1.1857586447863122e-06
2010-03-19,0.0017868458458700515,0.9978111745977375,0.00040192363187136404,5.592452101258182e-08
2010-03-26,0.0039176316986196695,0.9958910424124688,0.0001913150718440626,1.0817067426511996e-08
2010-04-02,0.0035723410336409673,0.9962082768414887,0.0002193766596086415,5.4652616191766046e-09
2010-04-09,0.00114888286110627,0.9979698992314685,0.0008811981489224437,1.9758502840062325e-08
2010-04-16,0.0027047216948428584,0.9889862566581689,0.008308316638907038,7.050080814419176e-07
2010-04-23,0.015282979203760403,0.8298522059089575,0.1548439028672988,2.091201998319302e-05
2010-04-30,0.014235433357487993,0.12297623479384953,0.8585616872766693,0.004226644571993204
2010-05-07,1.367868412263514e-10,6.506538744556847e-31,0.758499995842776,0.24150000402043711
2010-05-14,3.030166256436195e-06,1.1786625030880415e-12,0.8098309845139238,0.19016598531864126
2010-05-21,3.0123237608571543e-09,2.8235589732987713e-25,0.8378921855151753,0.16210781147250097
2010-05-28,0.00017547691719838263,7.819691564108463e-10,0.984807892986322,0.015016629314510383
2010-06-04,0.0016564040792098275,2.9312473946414987e-07,0.9972066989101696,0.0011366038858812047
2010-06-11,0.000953573003951499,3.991616971601665e-09,0.998568851106415,0.0004775718980165163
2010-06-18,0.002983790472575504,0.0135520055525529,0.9829100850000405,0.0005541189748311721
2010-06-25,0.0013714496263359933,9.37396144246869e-06,0.9980050303036379,0.0006141461085837442
2010-07-02,6.19377643112567e-06,3.991037878742033e-16,0.9982183398016786,0.0017754664218899206
2010-07-09,8.310796396616598e-07,9.501880744595899e-20,0.9974325877177243,0.002566581202636103
2010-07-16,0.002772775692022812,8.870859948603136e-09,0.9967745101904284,0.0004527052466887375
2010-07-23,0.005357176867738656,3.3841627532016357e-10,0.9941927906028246,0.0004500321910205927
2010-07-30,0.0659960310585853,0.19619604297219817,0.7373838928062394,0.00042403316297704894
2010-08-06,0.10535275132702472,0.06065283825409937,0.833755009809735,0.00023940060914092324
2010-08-13,0.007426857085293742,5.520399496460725e-08,0.9921689249339325,0.0004041627767788699
2010-08-20,0.002344668148121951,0.0008113178553558265,0.9962140687537931,0.0006299452427292435
2010-08-27,0.001771894967940948,0.000922592595467362,0.9966500334073211,0.0006554790292706415
2010-09-03,0.0011503624623597952,1.5990460412709922e-08,0.9977957035657062,0.0010539179814735514
2010-09-10,0.011986559668094728,0.8977353947078317,0.09022310445791525,5.4941166158255464e-05
2010-09-17,0.006919013954985923,0.9864594280233451,0.006617750937335702,3.8070843331938958e-06
2010-09-24,0.008959951049373195,0.9860517734949493,0.004987309394201866,9.66061475520669e-07
2010-10-01,0.00040902052452206826,0.9971418570612759,0.0024478181440152017,1.304270186984537e-06
2010-10-08,0.00043470964046983984,0.9965519660807426,0.003012492521499451,8.317572881750404e-07
2010-10-15,0.0005810563880159008,0.9984630869507882,0.0009556020851784664,2.545760174530086e-07
2010-10-22,0.0031765099441550307,0.9961779693467309,0.000645438036887792,8.267222637552332e-08
2010-10-29,0.05521704254650369,0.9410760808931821,0.0037067899900681545,8.657024615882052e-08
2010-11-05,0.9144597000932796,0.07594572386132857,0.009594525675875893,5.0369515836765956e-08
2010-11-12,0.9919921823548561,0.003443574600618023,0.004563926365550049,3.1667897574224273e-07
2010-11-19,0.9588704773255627,0.03634524901926774,0.004783781217852182,4.924373174094104e-07
2010-11-26,0.9705257975722199,0.00021096627168347662,0.029262177888865207,1.0582672314006262e-06
2010-12-03,0.8792045869421579,1.0714374284788038e-07,0.12078785320323027,7.4527108690027895e-06
2010-12-10,0.7938077338917792,0.16025793024211746,0.04592043706743916,1.389879866423242e-05
2010-12-17,0.3622280239251692,0.6312992906159152,0.006470733638405929,1.9518205097681164e-06
2010-12-24,0.1007558305330682,0.897664208530321,0.0015797500881032072,2.1084850760380582e-07
2010-12-31,0.00782435866045377,0.9916082954213751,0.0005672715509959175,7.436717521272195e-08
2011-01-07,0.005629176249175865,0.9941233527555569,0.0002474560897262025,1.4905541132841372e-08
2011-01-14,0.0176567341173191,0.982016580993386,0.0003266791883252539,5.7009697279965055e-09
2011-01-21,0.09302688430183029,0.9064671113549171,0.0005060001118226958,4.23142987672339e-09
2011-01-28,0.4179511716055747,0.581276242915119,0.0007725725458422521,1.2933464038570796e-08
2011-02-04,0.8189589525166963,0.17131150698676842,0.009729445024689328,9.547184607477721e-08
2011-02-11,0.5140261049439233,0.47884593803761855,0.0071272109784324775,7.460400256206336e-07
2011-02-18,0.06308943087657526,0.9281544135159653,0.008755432719324193,7.228881351595149e-07
2011-02-25,0.019816880304902997,0.9476890543702065,0.03249081899848825,3.2463264022669784e-06
2011-03-04,0.004122680090795057,0.9380724834074514,0.057781624013459994,2.3212488293417318e-05
2011-03-11,0.061576996745345065,0.7070597551909056,0.23133666647230144,2.6581591447930428e-05
2011-03-18,0.26832651873811897,0.079543713441442,0.6520473617907464,8.24060296927015e-05
2011-03-25,0.30297469813830513,2.8814707647163722e-05,0.6968295969689317,0.00016689018511585173
2011-04-01,0.3664085056573601,0.018379683879658007,0.615019461221804,0.00019234924117792203
2011-04-08,0.050896043104755685,0.8913273797733428,0.05774647399396283,3.0103127938864546e-05
2011-04-15,0.005042259288422173,0.9863595561377498,0.008593623641542815,4.560932285190175e-06
2011-04-22,0.0013571655864096058,0.9919913340972623,0.006649246161225432,2.254155102726688e-06
2011-04-29,0.0012631992825309054,0.9719621377689273,0.02676787098506171,6.791963480036468e-06
2011-05-06,0.03052178367579509,0.9185758035091807,0.05089183302294627,1.0579792077908494e-05
2011-05-13,0.005489883085102563,0.988963789825678,0.005543619414632643,2.7076745869641605e-06
2011-05-20,0.009013562805579623,0.9878612348460611,0.0031245902471473256,6.121012118778267e-07
2011-05-27,0.06459044044205325,0.9225166372795132,0.012891884063143401,1.0382152902135716e-06
2011-06-03,0.5994243728408054,0.1488951782115418,0.25167705473340074,3.3942142519602107e-06
2011-06-10,0.6907699824434966,0.007654835177297053,0.3015177413322826,5.7441046923739804e-05
2011-06-17,0.6977099802794362,0.023480122276097082,0.27873404299554255,7.585444892411905e-05
2011-06-24,0.6429054179816005,0.028277117806548503,0.32870245690183403,0.00011500731001706774
2011-07-01,0.012461258402910253,5.206475226276514e-15,0.9872360706979092,0.0003026708991753177
2011-07-08,0.047549390476003504,0.06638737515744783,0.8856111798401769,0.00045205452637169554
2011-07-15,0.03126256319771275,0.004948108486022345,0.9624445440897599,0.0013447842265051292
2011-07-22,0.005591767918422066,0.0007383248985518773,0.971324349861823,0.022345557321203066
2011-07-29,1.7213891462711305e-07,2.0385472975740574e-11,0.671317317863427,0.3286825099772729
2011-08-05,1.0060668222094481e-16,8.700936127105755e-42,0.0040061456389797806,0.9959938543610202
2011-08-12,1.4459069988201026e-13,5.084296361447115e-21,0.002791950584051742,0.9972080494158037
2011-08-19,1.5300628230002484e-18,3.201163640713339e-29,5.041983330497595e-06,0.9999949580166695
2011-08-26,2.2294261700208666e-20,3.091314752853952e-37,5.4102836518800726e-05,0.9999458971634811
2011-09-02,9.545036865256741e-11,6.949185924713598e-07,0.08606053463441135,0.9139387703515458
2011-09-09,3.004778434256923e-06,1.7237989650785044e-07,0.638227336030232,0.3617694868114373
2011-09-16,8.869993703000217e-05,1.896402755941688e-12,0.893299607767487,0.10661169229358666
2011-09-23,8.563729490012742e-11,8.40435136463277e-33,0.8899509717432024,0.11004902817116029
2011-09-30,7.664120291099462e-05,3.423545719429213e-16,0.9769192995077306,0.023004059289357996
2011-10-07,3.565875458595043e-06,5.6754447873986406e-21,0.9868672694748493,0.013129164649692056
2011-10-14,2.8855753062845442e-08,8.460869390533144e-29,0.9842973288948643,0.01570264224938267
2011-10-21,0.095528515393747,0.7150052012295142,0.18901772473082587,0.0004485586459128954
2011-10-28,0.01674069792326252,0.8111697059548554,0.17194444539626508,0.00014515072561705026
2011-11-04,0.009896981847204955,0.5725485067820043,0.41730231547979424,0.0002521958909964513
2011-11-11,0.007371728147971399,0.37354058800479484,0.6162731934687364,0.002814490378497273
2011-11-18,3.914495098510814e-05,2.7041599910169e-12,0.9624398779829426,0.03752097706336804
2011-11-25,2.964211246297953e-09,5.153751152583841e-28,0.8332943482358708,0.16670564879991803
2011-12-02,8.763642040380439e-14,2.3727992292827993e-42,0.723294187214564,0.27670581278534845
2011-12-09,0.0005236262252063306,4.8978380053469534e-11,0.9814190585520882,0.018057315173727034
2011-12-16,0.0002632819587896474,9.977513794961157e-17,0.9971288643839323,0.00260785365727797
2011-12-23,0.16996803213143596,3.17910026095902e-07,0.8299008084819112,0.00013084147662683512
2011-12-30,0.7210174396996769,0.0015311867431431565,0.2773375121874451,0.00011386136973476562
2012-01-06,0.7315208263190183,0.0003418806550856957,0.2680612534215735,7.603960432242482e-05
2012-01-13,0.26064825916602125,0.6584417251807283,0.0808803019500877,2.9713703162786944e-05
2012-01-20,0.1854405062544183,0.7434273521416385,0.07111164967668682,2.0491927256347718e-05
2012-01-27,0.0026620945116550975,0.9601757061695979,0.03710129651533957,6.090280340745838e-05
2012-02-03,0.0019449661971543176,0.9926321252078107,0.005419722920607443,3.1856744274573744e-06
2012-02-10,0.0008312716446583065,0.9985125995000115,0.0006557794840174384,3.493713127386823e-07
2012-02-17,0.002000654359463387,0.9973615694927739,0.000637742790306081,3.3357456583203934e-08
2012-02-24,0.0011773987967479466,0.9985039260414621,0.00031864913290540115,2.6028884672430728e-08
2012-03-02,0.005469603062683832,0.9942109375151893,0.00031944825938339677,1.1162743375073637e-08
2012-03-09,0.06388951028301235,0.9351108493419104,0.0009996374247119805,2.950365233205592e-09
2012-03-16,0.8048944098747087,0.19399838433539895,0.0011072010333355528,4.756556746883635e-09
2012-03-23,0.8964090335114644,0.1033436684832649,0.00024728476337627486,1.3241894469480753e-08
2012-03-30,0.921050781592991,0.0784221855127893,0.0005270274312124331,5.463007249439574e-09
2012-04-06,0.9540148094903736,0.041464753863392274,0.004520288117036555,1.485291973917514e-07
2012-04-13,0.7802978652544204,0.09665227740431027,0.12304850993160743,1.3474096620720036e-06
2012-04-20,0.5746903986616876,0.23573933675864572,0.18952755592960316,4.270865006352539e-05
2012-04-27,0.4689083311306797,0.09358513059156429,0.4374425421515399,6.399612621613111e-05
2012-05-04,0.35691416269677145,0.021859537902996776,0.6210613224696976,0.0001649769305342336
2012-05-11,0.325314999059533,0.04014522192386745,0.6342915352577921,0.0002482437588074642
2012-05-18,0.0004576434262092433,3.1792816701379847e-15,0.9988697835034455,0.0006725730703420338
2012-05-25,0.0019117487993722552,3.9954851211345824e-09,0.9976249242002305,0.00046332300491204334
2012-06-01,5.8109050199427005e-06,3.1571729126746024e-15,0.9977168416214728,0.002277347473504279
2012-06-08,2.1322729391347932e-05,2.2255716562144037e-15,0.9973762882024971,0.0026023890681093373
2012-06-15,0.027176832364563364,0.5933171540293309,0.3792716315439978,0.00023438206210801176
2012-06-22,0.010991549952481227,0.9530248706783336,0.035964151689227494,1.9427679957696517e-05
2012-06-29,0.004776641392945639,0.994009026142528,0.0012132916512082547,1.04081331816749e-06
2012-07-06,0.0011062913527274008,0.9985567955515895,0.0003368574600051994,5.563567790684482e-08
2012-07-13,0.0010581761435648773,0.9986727378605343,0.00026907214196674866,1.3853934008427837e-08
2012-07-20,0.0006889321159527957,0.9987357899675227,0.0005752603748880083,1.7541636571733726e-08
2012-07-27,0.002381694839430541,0.9966278635999954,0.000990402520225815,3.904034825787371e-08
2012-08-03,0.0010617329953146418,0.9986212926572027,0.0003169342645539967,4.0082928578679515e-08
2012-08-10,0.002244108944868177,0.997546716757993,0.00020916557381388967,8.723324977352633e-09
2012-08-17,0.004056433240802293,0.9957957160060514,0.00014784283183188118,7.921314299629644e-09
2012-08-24,0.001477020404068167,0.9982711245828895,0.0002518491175933836,5.895448947064078e-09
2012-08-31,0.0004545486605984884,0.9985173454782579,0.0010280651832266898,4.067791701418852e-08
2012-09-07,0.003949393975601091,0.9930034218933625,0.003047025595172644,1.585358636079218e-07
2012-09-14,0.0008767981650910774,0.9974343755081483,0.0016884334965389153,3.9283022169464294e-07
2012-09-21,0.00612374361456217,0.9928044737019868,0.0010716871405589184,9.554289217243775e-08
2012-09-28,0.08545217924628877,0.9111765224076707,0.0033712316860162726,6.66600242139039e-08
2012-10-05,0.4917669625776159,0.4922637144502354,0.015968971774688246,3.51197460391942e-07
2012-10-12,0.9282565429600894,0.013587621603746393,0.05815475029486099,1.0851413030889774e-06
2012-10-19,0.945014501281501,0.048171475904160606,0.00681344686523007,5.759491083119561e-07
2012-10-26,0.977973250897962,0.019489157508617152,0.0025373221054788377,2.694879420703702e-07
2012-11-02,0.9468958997584346,0.04518519763786087,0.007918143670246692,7.589334578758847e-07
2012-11-09,0.8819429782647084,0.0006663882022133475,0.1173886764516738,1.9570814045505885e-06
2012-11-16,0.6944019788925563,0.005583620749048255,0.2999812582298331,3.314212856248929e-05
2012-11-23,0.3494513823787354,1.6258273399049115e-06,0.650421689045191,0.00012530274873363053
2012-11-30,0.250785360649833,0.403576864549926,0.34550844328070984,0.00012933151953125016
2012-12-07,0.10992812019836266,0.8738902675968382,0.016171449009807888,1.0163194991253576e-05
2012-12-14,0.06495543231789817,0.9339420477013215,0.001102078503831216,4.4147694905600074e-07
2012-12-21,0.1599803768062147,0.839412433604301,0.0006071291477542708,6.044173022657346e-08
2012-12-28,0.5335224306994472,0.46034612355771887,0.006131360767159218,8.49756747313035e-08
2013-01-04,0.9055784546822357,7.679430423299388e-06,0.09441195412265567,1.9117646853106592e-06
2013-01-11,0.6780397847698775,0.3102023990297513,0.011752738801102926,5.077399268358239e-06
2013-01-18,0.36798387841099145,0.6239927457339371,0.008022517956012646,8.578990586260238e-07
2013-01-25,0.16215983002435153,0.8361416006911359,0.0016982786079828666,2.906765297805112e-07
2013-02-01,0.0386524275087778,0.9608695396386593,0.00047798725304349125,4.559951944448665e-08
2013-02-08,0.020638803018670805,0.9791007174387693,0.0002604672232444154,1.2319315483184423e-08
2013-02-15,0.03685037375663889,0.9629537291551403,0.0001958837537545366,1.3334466279359477e-08
2013-02-22,0.030938656619751967,0.9688603232280841,0.00020101288233606882,7.269827745887429e-09
2013-03-01,0.033022439518222625,0.9666237020697844,0.00035385169115079575,6.720842138823571e-09
2013-03-08,0.15164595936953873,0.8464241749342468,0.001929824758404826,4.0937809563324424e-08
2013-03-15,0.01683961513605711,0.98263488996857,0.0005254383521596214,5.6543213334851696e-08
2013-03-22,0.0025250643557841314,0.9970794016882985,0.0003955129972013248,2.0958716104318594e-08
2013-03-29,0.009872108578604079,0.9893294531654315,0.0007984138784957011,2.437746872927482e-08
2013-04-05,0.0993957973250386,0.8891024648949719,0.011501672697969513,6.508202000105825e-08
2013-04-12,0.9648952672372288,0.01703890369452679,0.018065668943560147,1.6012468415763847e-07
2013-04-19,0.9952458259670605,4.250914538774529e-06,0.0047496311006129015,2.9201778783207764e-07
2013-04-26,0.9970658686629043,0.00014737919092321287,0.002786733757443865,1.838872867526604e-08
2013-05-03,0.9987103025193679,0.000635545863851129,0.0006541397352673955,1.1881513685037569e-08
2013-05-10,0.992362497241989,0.006967047210946445,0.0006704519277437362,3.6193208114477674e-09
2013-05-17,0.9831896434532811,0.016492881174659763,0.0003174746443875262,7.276714797793537e-10
2013-05-24,0.9977420543652327,0.0020899501186253193,0.00016799522206596086,2.940761490464439e-10
2013-05-31,0.9997189042281794,1.3365327808313426e-05,0.00026773009883930863,3.4517305645289515e-10
2013-06-07,0.9995985175299058,4.791610730484764e-05,0.0003535634529885094,2.9098008090976383e-09
2013-06-14,0.9870662379374923,0.011496428470892077,0.001437330511928622,3.0796870665992675e-09
2013-06-21,0.9981737528297377,9.239142434972634e-09,0.0018262112648859234,2.6666233786988896e-08
2013-06-28,0.9996299778173271,1.0938881232841955e-06,0.0003688907169499481,3.757759963765511e-08
2013-07-05,0.9990947505936668,4.7276010086818563e-08,0.0009050017413373132,2.0038898574400341e-07
2013-07-12,0.9905961207909332,1.3911052775125129e-05,0.009389299840835304,6.683154563406326e-07
2013-07-19,0.030495412087558165,0.9589895980601824,0.010513309461089889,1.6803911695778307e-06
2013-07-26,0.0009301160415476297,0.99209752613004,0.006966030778879439,6.327049532874541e-06
2013-08-02,0.0028100177268283477,0.9919251773779334,0.0052629198201735155,1.8850750647413333e-06
2013-08-09,0.1751123567775765,0.8177914072381929,0.007095804748753028,4.312354777601799e-07
2013-08-16,0.7977865897059959,0.1677034768622079,0.034508935261074,9.981707222203826e-07
2013-08-23,0.6039926039682547,0.38283393523278353,0.013170830443482459,2.630355479405182e-06
2013-08-30,0.6052901910275709,0.36951798477944664,0.02519036970417142,1.45448881088673e-06
2013-09-06,0.7945196864195099,0.18875067477388877,0.01672821051856323,1.4282880380885437e-06
2013-09-13,0.8547788155857873,0.13328705998037677,0.01193216347262844,1.9609612074309e-06
2013-09-20,0.5477171052675949,0.44856538541510194,0.003716895883591449,6.134337118213789e-07
2013-09-27,0.17897972715882812,0.8195717407126224,0.0014484190185968123,1.131099527065134e-07
2013-10-04,0.03708012146469187,0.9623965116676324,0.0005233263601379641,4.050753771982821e-08
2013-10-11,0.021958197430327637,0.9774014006105503,0.0006403762301831762,2.5728938978784944e-08
2013-10-18,0.05530702379834777,0.9361372407214228,0.008555617812776398,1.1766745308113724e-07
2013-10-25,0.0031596336441007023,0.99572317577315,0.0011167979588760295,3.9262387331538123e-07
2013-11-01,0.001942710468798466,0.9977055477727967,0.00035169326469083255,4.849371408571637e-08
2013-11-08,0.017496778637767607,0.9820705593057322,0.00043265386124708685,8.195253116714484e-09
2013-11-15,0.18561351005455184,0.8135865759203466,0.000799906336061102,7.6890404789098e-09
2013-11-22,0.34162036148675323,0.6580886480676661,0.0002909174792765693,7.296630414636067e-08
2013-11-29,0.31383730682061156,0.6857215783810319,0.0004411060817934412,8.716563067443692e-09
2013-12-06,0.4506536695658155,0.548724578401691,0.0006217491275623342,2.9049312696198674e-09
2013-12-13,0.8618923952174393,0.13665488319278912,0.0014527162383900882,5.351381420386118e-09
2013-12-20,0.9803212623814322,0.016254718336466772,0.003423969665372945,4.961672784459997e-08
2013-12-27,0.972494468920265,0.0204343418338508,0.0070705592864438605,6.299594403005823e-07
2014-01-03,0.18841879817792784,0.8059781503267206,0.005602759907289372,2.9158806210822677e-07
2014-01-10,0.020212291313102742,0.9751675107549126,0.004619619487443666,5.784445410330116e-07
2014-01-17,0.0036537111931798563,0.9745543340158167,0.02178901606321585,2.9387277875548663e-06
2014-01-24,0.0292765609751019,0.7757208877021732,0.19498694350291884,1.5607819805989026e-05
2014-01-31,0.016944780124209254,0.8605310441617442,0.12246816643676496,5.600927728150375e-05
2014-02-07,0.06038107666727525,0.8064211808668796,0.1331572272680571,4.051519778803835e-05
2014-02-14,0.14309067144321735,0.6032710893907074,0.25357914986582564,5.90893002496786e-05
2014-02-21,0.005167978102101616,0.9747623996253005,0.02004956537247888,2.005690011902283e-05
2014-02-28,0.0006308369188256352,0.9957652644255036,0.003601259608924254,2.6390467464745058e-06
2014-03-07,0.002125846091312436,0.9956183182828084,0.002255342244941387,4.933809377188652e-07
2014-03-14,0.03026031692440787,0.9559868659261109,0.013752210982581692,6.061668994881718e-07
2014-03-21,0.04846518966632602,0.9472205768992746,0.004313437968531332,7.954658680724485e-07
2014-03-28,0.1056243008271225,0.8929238249631494,0.0014517146258416448,1.5958388659337677e-07
2014-04-04,0.2624388618461752,0.7310926825227629,0.006468291809522453,1.6382153940771816e-07
2014-04-11,0.9302348017129871,0.003106469378654806,0.0666576348206665,1.0940876916592576e-06
2014-04-18,0.8998174612110337,0.000447526948820644,0.09971936807374601,1.5643766399608868e-05
2014-04-25,0.514593035856769,0.4266482558184667,0.058744095359987133,1.4612964777271995e-05
2014-05-02,0.4187420595943539,0.5084835230924567,0.07275932786544997,1.5089447739492808e-05
2014-05-09,0.06494657979861344,0.9315189859209343,0.0035324458446713823,1.988435780761984e-06
2014-05-16,0.0033240005818773607,0.9958401347212815,0.0008356372899814297,2.2740685977501504e-07
2014-05-23,0.004414812997225209,0.9951773591649068,0.00040780130779882593,2.6530069131429323e-08
2014-05-30,0.009515735216014742,0.990155056549528,0.0003291963485321204,1.188592535412391e-08
2014-06-06,0.015213179466788613,0.9843340416155831,0.0004527668542899655,1.2063338242665053e-08
2014-06-13,0.007029850014699386,0.9927110251161219,0.0002591127348877346,1.2134291052371696e-08
2014-06-20,0.002418286309612101,0.9972552520243128,0.0003264537202701098,7.945805025812842e-09
2014-06-27,0.0006734964566316584,0.9988675814928772,0.0004589029549132934,1.9095577712404533e-08
2014-07-04,0.0013842455530036156,0.9979832356600257,0.000632494255470874,2.453149995807168e-08
2014-07-11,0.002908723836433232,0.9960748407270524,0.0010163901540944354,4.5282419866543365e-08
2014-07-18,0.035243184594690564,0.9629249735877359,0.0018317780428560592,6.377471749357229e-08
2014-07-25,0.1351116828323764,0.8575421722605648,0.007345843262882864,3.016441759638387e-07
2014-08-01,0.8939245537916299,0.0004948983385055125,0.10557967352217382,8.743476907390834e-07
2014-08-08,0.9055579453559065,0.055028752912926346,0.039403799905734734,9.50182543243867e-06
2014-08-15,0.8758813629518284,0.08208322884643585,0.04202881215907529,6.596042660407074e-06
2014-08-22,0.859123977276186,0.08996030156434873,0.050906455958325575,9.26520113974165e-06
2014-08-29,0.18898556717900342,0.7970480103544443,0.01396320655073185,3.2159158205928174e-06
2014-09-05,0.311813094231451,0.6864248301551997,0.0017620427003005618,3.291304869825472e-08
2014-09-12,0.9541686934095851,0.04514336494241901,0.0006879359427425077,5.705253281174196e-09
2014-09-19,0.9798920906839964,0.019751353833810197,0.00035655055345711723,4.928736340718576e-09
2014-09-26,0.9954303942605819,0.0028292894214114826,0.0017402624481065963,5.3869899950012867e-08
2014-10-03,0.9200091685629052,0.030965470220639554,0.049024500099129675,8.611173255988369e-07
2014-10-10,0.15395228087967933,3.4334780330747207e-06,0.8460252774231337,1.9008219153801045e-05
2014-10-17,0.05900335945052964,0.014141993026014555,0.9264911279678943,0.00036351955556146307
2014-10-24,0.01726409187756547,3.61511231909701e-09,0.9822215643281934,0.0005143401791287706
2014-10-31,0.14845007712157943,1.4380253049307816e-06,0.8514286760124599,0.00011980884065595376
2014-11-07,0.6771052875704116,0.21343677226948066,0.10942707887153778,3.086128857007267e-05
2014-11-14,0.6868252418964499,0.2996444160152978,0.013523589849748833,6.7522385036338686e-06
2014-11-21,0.5213443965661491,0.47008643995257704,0.008567698305134036,1.4651761398010555e-06
2014-11-28,0.12718325642119335,0.8553966447807348,0.017418513034603976,1.5857634679559803e-06
2014-12-05,0.08722222749663627,0.8266644011652675,0.08610470926318359,8.662074912536438e-06
2014-12-12,0.0011950571335682988,2.296954381269841e-10,0.9987220756984108,8.286693832543608e-05
2014-12-19,0.0010504276268170252,7.099074796505701e-09,0.9985245801392074,0.0004249851349007253
2014-12-26,0.007132844201854522,4.276946012192996e-05,0.9924982417559666,0.00032614458205693536
2015-01-02,0.008607389219246694,0.00034093846818547503,0.9906578109996328,0.00039386131293500567
2015-01-09,0.005051547596084017,0.09339792825282646,0.9008635425875944,0.0006869815634951053
2015-01-16,0.0013071817727085162,0.03488879443741196,0.9622920714634082,0.0015119523264712927
2015-01-23,0.0001556718448040706,0.004170603738535968,0.9915451814763299,0.004128542940330041
2015-01-30,0.001688346835246951,0.00020590948402469448,0.9945365035299553,0.003569240150773074
2015-02-06,0.2761205061765673,2.228224898805026e-05,0.723826701096887,3.0510477557757276e-05
2015-02-13,0.9392186938705204,0.0010559552656898084,0.05972464075288865,7.10110901237473e-07
2015-02-20,0.9974880923621299,0.0014476531387474247,0.001063947503716296,3.069954063971334e-07
2015-02-27,0.9871168594077423,0.012714548120615874,0.0001685888520566921,3.619585059744298e-09
2015-03-06,0.9991665483471792,0.0006070060645523201,0.00022644323373829058,2.3545301350300693e-09
2015-03-13,0.9917580501060167,0.005487381780360334,0.002754522946036915,4.5167586088073664e-08
2015-03-20,0.9236460587937505,0.00037543427039421744,0.07597788181839557,6.251174596373004e-07
2015-03-27,0.8713169967885036,0.008917642707556824,0.11974563895249371,1.9721551445795053e-05
2015-04-03,0.09685567918195598,0.7971545138313044,0.1059512091706287,3.859781611097785e-05
2015-04-10,0.045398042562558846,0.8894718302316761,0.06510148262232127,2.864458344392696e-05
2015-04-17,0.048303092053242715,0.9415180850050927,0.010175643850231382,3.1790914331610658e-06
2015-04-24,0.11132999500521387,0.8858059896429864,0.002863388871998285,6.26479801324222e-07
2015-05-01,0.09524721839900648,0.9043482477494229,0.0004044156638807619,1.1818768984208368e-07
2015-05-08,0.0688132819619135,0.9308853547644036,0.0003013439237987624,1.934988410868286e-08
2015-05-15,0.02481186886758556,0.9749743024373464,0.00021381555051606227,1.3144551956095998e-08
2015-05-22,0.010349466366136983,0.9894526982148734,0.00019782322982319318,1.2189166551504576e-08
2015-05-29,0.013449139853371674,0.9862107489430695,0.0003401063505219117,4.85303692615607e-09
2015-06-05,0.08104942484325943,0.9185160857640395,0.0004344741589044716,1.523379660054748e-08
2015-06-12,0.0819713971768301,0.9177422407473891,0.0002863417197282831,2.035605261922188e-08
2015-06-19,0.05869661575897319,0.9408982221425609,0.0004051555145806813,6.5838851671334005e-09
2015-06-26,0.10946035267207017,0.8903031979779032,0.00023642970530205276,1.9644724518758357e-08
2015-07-03,0.16541789066370907,0.8335790429849975,0.0010030591283590482,7.222934348549677e-09
2015-07-10,0.2747498236137238,0.7224978718267769,0.0027521685682839986,1.359912153225839e-07
2015-07-17,0.9343428658818311,0.0008225040598673828,0.0648339096404624,7.204178390676147e-07
2015-07-24,0.8358855537054848,1.662017218838408e-06,0.16409644935484227,1.6334922454130608e-05
2015-07-31,0.7653602923544658,0.00048046097897094813,0.23411756264736383,4.168401919938464e-05
2015-08-07,0.5535579240601401,9.99657860040263e-06,0.4463662094303037,6.586993095561693e-05
2015-08-14,0.3645523448357819,0.004028421004662752,0.6311942622419427,0.0002249719176125096
2015-08-21,5.170800248300697e-05,6.8187456536641824e-18,0.9965407608739864,0.0034075311235306984
2015-08-28,0.028004823948001644,0.0002341491586957597,0.971345661579979,0.0004153653133236382
2015-09-04,0.04702513301353675,1.0942350792231903e-08,0.9527248900106652,0.00024996603344725973
2015-09-11,0.35521518120363316,3.819224488351841e-06,0.6447024579071936,7.854166468492309e-05
2015-09-18,0.7494466791566358,0.02281934037581697,0.22763222009643028,0.00010176037111699597
2015-09-25,0.7531279683062182,0.001120492504639481,0.24569459859769666,5.694059144577878e-05
2015-10-02,0.6464608575447627,0.0005637488139297818,0.35290978407036766,6.56095709399382e-05
2015-10-09,0.4653603777637771,0.0002477996566844417,0.534254631417071,0.00013719116246738682
2015-10-16,0.19019390452745205,0.6165370687846585,0.1931928131084413,7.621357944815977e-05
2015-10-23,0.061589185257543956,0.8949024156004852,0.043489254060755246,1.914508121557031e-05
2015-10-30,0.06825302257479345,0.9080768648499202,0.023647028343004143,2.3084232282250815e-05
2015-11-06,0.6203738495476432,0.3188214259760957,0.06077533528923144,2.9389187029576294e-05
2015-11-13,0.17612638086458998,2.3399376486777117e-11,0.8237795002901452,9.411882186536848e-05
2015-11-20,0.0946737215327306,3.9701482425558906e-14,0.9044741905546304,0.0008520879125992931
2015-11-27,0.2946612149795232,1.5240531100272738e-05,0.7047310521965086,0.0005924922928680592
2015-12-04,0.215130836010705,0.0010827665991559,0.7835514593198237,0.00023493807031524329
2015-12-11,0.0009159610677376558,2.0713212495933947e-15,0.9983595872985918,0.0007244516336686367
2015-12-18,0.015275141065681347,5.353493151246481e-05,0.9843661698092144,0.00030515419359169674
2015-12-25,0.0008784746376890245,1.3129218390582238e-12,0.9985540804582593,0.0005674449027387029
2016-01-01,0.018571731429998625,1.1879563867750351e-05,0.981026666687296,0.0003897223188375533
2016-01-08,2.650631799244355e-06,1.8850381926967548e-19,0.997918628572796,0.0020787207954047044
2016-01-15,0.0002510934429677677,1.4687824182934534e-10,0.9990835544654801,0.000665351944673906
2016-01-22,0.0015998368684364064,8.070853870593834e-07,0.9979589917042255,0.0004403643419510063
2016-01-29,0.00011500833347843709,9.973644798740682e-09,0.9985266783095111,0.001358303383365545
2016-02-05,8.421831314894636e-05,1.5610193807012442e-09,0.9978801087305659,0.0020356713952658146
2016-02-12,4.807001562686696e-05,0.0005170669874746266,0.9929953862707837,0.006439476726114886
2016-02-19,4.126768940831532e-05,4.851130694320265e-07,0.9932185228195232,0.006739724377999032
2016-02-26,0.0032699812469830394,0.026946635318907883,0.9677244094240162,0.0020589740100928665
2016-03-04,0.003094383759782732,0.6274323946022244,0.36897987628142437,0.0004933453565684746
2016-03-11,0.00275724788902517,0.8229816474870529,0.17343506806740758,0.0008260365565142111
2016-03-18,0.0016168529745817744,0.919761991678158,0.07824454713136762,0.0003766082158926449
2016-03-25,0.006694291640076291,0.987211408788053,0.006084508731090813,9.79084077990849e-06
2016-04-01,0.07204465186804472,0.9241314266028265,0.003823278338246974,6.431908817203796e-07
2016-04-08,0.10731337850218717,0.88339316675929,0.009292882914913833,5.718236088688212e-07
2016-04-15,0.11045702820416678,0.879704010080762,0.009837615589521368,1.346125549818491e-06
2016-04-22,0.0064662311770468635,0.992495386616199,0.0010379829635986132,3.9924315546561716e-07
2016-04-29,0.0006041360551751677,0.9986671126015938,0.0007286621916057669,8.915162525643861e-08
2016-05-06,0.0008522233901251264,0.998775392535772,0.00037235148676976126,3.2587333148620946e-08
2016-05-13,0.002133363812792335,0.9972863386084666,0.0005802755044243309,2.2074316853553398e-08
2016-05-20,0.03896257287672479,0.9584107605083089,0.0026266185090845664,4.8105881841385745e-08
2016-05-27,0.7277561201920794,0.24898819076852155,0.023255125420945127,5.636184538336579e-07
2016-06-03,0.10963644506202193,0.87968172360106,0.01067931451945209,2.516817465909763e-06
2016-06-10,0.02937143159778976,0.9218246023954758,0.048797032833345605,6.933173388821265e-06
2016-06-17,0.03447464673016901,0.4456701412864107,0.5198259840936622,2.92278897579228e-05
2016-06-24,0.00204083871749938,0.2850715321602413,0.7119182664307683,0.0009693626914910718
2016-07-01,0.0027622598803946526,0.008058138327673173,0.9872057801258504,0.001973821666081841
2016-07-08,0.0013625693026402903,0.2139255620781163,0.7826039740317124,0.0021078945875309014
2016-07-15,0.0059330811013273725,0.8749215675231569,0.1190485004187922,9.685095672347344e-05
2016-07-22,0.000908809600782962,0.9895075884512836,0.009572591784164457,1.1010163769104504e-05
2016-07-29,0.0011859630170103829,0.9979775270384603,0.0008358390223866438,6.709221425948334e-07
2016-08-05,0.009189377595388654,0.9906305563633737,0.00018002703662577547,3.900461186739624e-08
2016-08-12,0.0010846776949163658,0.9984796531056193,0.0004356540940711151,1.5105393167182418e-08
2016-08-19,0.0011487506766460337,0.9984050810024641,0.0004461261615345004,4.215935540481798e-08
2016-08-26,0.007881230850270853,0.9918926360065728,0.00022611055738892512,2.2585767467680593e-08
2016-09-02,0.04018618793814101,0.9583865301089822,0.001427269802839459,1.2150037198997738e-08
2016-09-09,0.6566801018922579,0.33565059566663225,0.007669205067892028,9.737321791199607e-08
2016-09-16,0.5472305563402199,0.4513841766683989,0.001384934348425233,3.326429560126909e-07
2016-09-23,0.5057570747480558,0.48608753205035593,0.008155225531538794,1.6767004940772475e-07
2016-09-30,0.3012594350496842,0.6970409311028823,0.0016994400637259418,1.9378370755873968e-07
2016-10-07,0.3056389194864394,0.6939205393445002,0.0004405012409413946,3.9928119070347165e-08
2016-10-14,0.3822923527207978,0.6172239751958821,0.00048366373087353867,8.352446539457302e-09
2016-10-21,0.47651349562638606,0.5230447266249593,0.00044176885362672875,8.895027808448949e-09
2016-10-28,0.734911674307992,0.26351739405071983,0.0015708724540862114,5.91872020070076e-08
2016-11-04,0.9004227063691069,0.05468145294942669,0.04489553224029313,3.084411732846007e-07
2016-11-11,0.8896102364303943,2.483315562497344e-11,0.11038851883821947,1.2447065530480874e-06
2016-11-18,0.9960698258039784,2.2244722494105108e-06,0.003927703618759747,2.4610501234685e-07
2016-11-25,0.9997340825402703,8.590249635726396e-06,0.0002573237872132443,3.422880723626553e-09
2016-12-02,0.9998413228283523,0.00010703760637660987,5.163461996490844e-05,4.945306251821538e-09
2016-12-09,0.9957581634991645,0.00364994622715502,0.0005918889415744187,1.3321061248388396e-09
2016-12-16,0.920580114319628,0.07882221039855031,0.0005976495972538252,2.5684567789137103e-08
2016-12-23,0.752994455510784,0.24498952746894306,0.002015977232155324,3.978811768216397e-08
2016-12-30,0.3325281942069671,0.6626381429256177,0.004833549144050783,1.1372336429997902e-07
2017-01-06,0.08069272556653471,0.908490460982199,0.010816167952779315,6.454984870785478e-07
2017-01-13,0.0010911325635900003,0.9930338420439849,0.005871089435315809,3.935957109336802e-06
2017-01-20,0.0002980648422350288,0.9978446569970105,0.0018561776840747605,1.100476679622687e-06
2017-01-27,0.0008889288163828055,0.9985889580838819,0.0005220240274314697,8.907230382783077e-08
2017-02-03,0.00081546091838144,0.9988467234700462,0.00033778568996550444,2.992160677112021e-08
2017-02-10,0.0011442760838423962,0.9985263528317043,0.000329358831448026,1.2253005276559181e-08
2017-02-17,0.0016842757409011924,0.9978373567006471,0.0004783539637490096,1.3594702618504558e-08
2017-02-24,0.00035301200838817133,0.9987463784432111,0.0009005443003492792,6.524805154596906e-08
2017-03-03,0.0017042800046336386,0.9979768933686968,0.000318792743291653,3.3883378096440876e-08
2017-03-10,0.016096101744645586,0.9836716507793756,0.00023223481646898725,1.265950981475892e-08
2017-03-17,0.008314481170244801,0.9914631599064846,0.00022235253280996812,6.390460691857197e-09
2017-03-24,0.016010607888826276,0.9834293487532011,0.0005600338260438886,9.531928794885141e-09
2017-03-31,0.0032359712414382225,0.9962769284062285,0.00048707965174434633,2.0700588982342138e-08
2017-04-07,0.0003645643776740942,0.9985475316103509,0.001087821156420901,8.28555540620695e-08
2017-04-14,0.000715089482260593,0.9975003034788693,0.0017844226843495353,1.8435452057211114e-07
2017-04-21,0.0010520896215731844,0.9981132808293811,0.0008345101052933048,1.1944375239262033e-07
2017-04-28,0.00692211579151756,0.991653437850241,0.0014243837920151652,6.256622633524715e-08
2017-05-05,0.009328724518207576,0.9902326221988682,0.00043860912427294384,4.4158651347623165e-08
2017-05-12,0.008609670145818869,0.9912350517178452,0.00015526028894364698,1.7847392278440757e-08
2017-05-19,0.004039025178892651,0.9957544138761835,0.00020655645962651845,4.485297528986427e-09
2017-05-26,0.004964313015635846,0.9944178592664408,0.0006178187093018022,9.008621457853492e-09
2017-06-02,0.0005815818873381551,0.9983579881081885,0.0010603571158320137,7.288864118061086e-08
2017-06-09,0.0005453667900654225,0.9988420232100301,0.0006125364906326235,7.350927183884753e-08
2017-06-16,0.0016736540956609166,0.9979754599280727,0.00035086559401762644,2.0382248732720686e-08
2017-06-23,0.003521294059783595,0.9959982350955487,0.0004804580347639868,1.2809903676940292e-08
2017-06-30,0.010388886232863723,0.9893988530165299,0.000212247968018137,1.2782588390401569e-08
2017-07-07,0.02381343076833319,0.9759844978728959,0.00020206295159419537,8.407176702427743e-09
2017-07-14,0.025788189658741734,0.9737913235735456,0.00042047868129594924,8.086416795326116e-09
2017-07-21,0.0049836880180215,0.9947731454540362,0.00024315469534472078,1.1832597590381223e-08
2017-07-28,0.000985825462135002,0.9986167420474101,0.0003974142775907581,1.8212864144861926e-08
2017-08-04,0.00042310842995496725,0.9985091468912156,0.0010676740723049908,7.060652447226058e-08
2017-08-11,0.003030509356230572,0.9942644065435303,0.0027049180787352576,1.6602150374363526e-07
2017-08-18,0.0025788888144302347,0.996737098111648,0.00068390369562122,1.0937830049219845e-07
2017-08-25,0.0027794526911420884,0.9961663240976173,0.0010541758531427985,4.735809783845018e-08
2017-09-01,0.0025919300130878295,0.9951859903634049,0.002221937442232523,1.4218127484391947e-07
2017-09-08,0.0005695633523624292,0.9986068083754559,0.0008234540963961812,1.741757854733048e-07
2017-09-15,0.0011528087895337441,0.9984447510500344,0.0004024074115359467,3.274889606642435e-08
2017-09-22,0.0038757956540674317,0.9958786502967766,0.0002455435344801005,1.0514675902268168e-08
2017-09-29,0.01720623610698895,0.9825958520971313,0.00019790459140500553,7.2044748266149534e-09
2017-10-06,0.03830569347685334,0.9614785738546803,0.00021571647888723308,1.6189579214513347e-08
2017-10-13,0.007082990003799152,0.9926860322354193,0.0002309707652609328,6.995520591856381e-09
2017-10-20,0.00465357784731576,0.9951675329808612,0.0001788828047341614,6.36708873592445e-09
2017-10-27,0.0027362252559184823,0.9970842122964778,0.000179557044483695,5.403119919636885e-09
2017-11-03,0.0016632665977450401,0.9980917281065079,0.0002449995439634682,5.751783544340849e-09
2017-11-10,0.005349557713128549,0.9944828299040246,0.00016760487426683237,7.508580022339031e-09
2017-11-17,0.001388040646843249,0.9982970123589404,0.0003149406112567627,6.382959603377149e-09
2017-11-24,0.0031023826206384893,0.9961913364352132,0.0007062648662124117,1.6077935898503294e-08
2017-12-01,0.013729101574749056,0.9847101629339182,0.0015606830214498536,5.246988282697868e-08
2017-12-08,0.003943497394179411,0.9957411921050316,0.00031526853296306626,4.1967825846694415e-08
2017-12-15,0.005050135949335837,0.9947222103499651,0.00022764541432343548,8.286375694022083e-09
2017-12-22,0.009617093069567725,0.9900697879266843,0.00031311138778618015,7.615961815073677e-09
2017-12-29,0.0016280800044779248,0.9977855410021972,0.0005863547793280573,2.4213996816261295e-08
2018-01-05,0.008692990544526968,0.9868645097163927,0.004442396567110471,1.0317196983781331e-07
2018-01-12,0.0047651769598538556,0.9929051654285445,0.0023292580658815956,3.9954572012394314e-07
2018-01-19,0.008555415271990585,0.9831370293154426,0.008306851672232385,7.037403344736766e-07
2018-01-26,0.08123337691112117,0.8068376634924417,0.11192574037832655,3.2192181105522632e-06
2018-02-02,0.020338603392184944,5.396209201401215e-10,0.9795925087281173,6.8887340076705e-05
2018-02-09,7.36118847125443e-06,1.912703657813196e-21,0.9979226321090136,0.002070006702515188
2018-02-16,7.752040812383674e-06,1.5754141843002125e-19,0.998374866034323,0.0016173819248646608
2018-02-23,0.01879407391986525,1.986343757293927e-07,0.9807314416309991,0.0004742858147599025
2018-03-02,0.00704701098098799,3.3577708616682026e-09,0.9926032550077057,0.00034973065353545354
2018-03-09,0.006438628001038709,5.462992113942827e-08,0.9932201494660576,0.00034116790298266474
2018-03-16,0.018320523178080236,1.380735816579042e-05,0.9812575279735117,0.0004081414902423576
2018-03-23,5.113552238715105e-07,3.5718936883315667e-22,0.9967828807192749,0.003216607925501341
2018-03-30,0.0014440603631381372,5.074292851734842e-09,0.9979325416710809,0.0006233928914881638
2018-04-06,0.017868932201664967,7.662300106794427e-06,0.9818088791861432,0.0003145263120850074
2018-04-13,0.04750261695249543,0.00012869542814734908,0.9520039479290031,0.00036473969035414174
2018-04-20,0.0838753959075245,0.8707991651388461,0.04529904909764886,2.6389855980407175e-05
2018-04-27,0.09131476592546363,0.9061398325814188,0.0025443215974473707,1.0798956702321277e-06
2018-05-04,0.21730815187263217,0.781245951654169,0.0014458020158386448,9.445736015013276e-08
2018-05-11,0.8578945790458851,0.12656344909177716,0.015541818430710591,1.534316272561831e-07
2018-05-18,0.6491674072223403,0.3472481887978988,0.0035835389872095557,8.649925513497027e-07
2018-05-25,0.2840823722584891,0.713406222393735,0.002511277369281264,1.2797849471041882e-07
2018-06-01,0.16033710867748588,0.8377608116710162,0.001901973757083657,1.0589441419483457e-07
2018-06-08,0.1233281994978713,0.8741915573649015,0.0024801074453536867,1.3569187349522812e-07
2018-06-15,0.03617484932560187,0.9628060514072334,0.001019017436045525,8.183111924197023e-08
2018-06-22,0.1089823656411247,0.8900343897814631,0.000983225896341433,1.8681070844569937e-08
2018-06-29,0.5477543856303392,0.44777019276961916,0.004475392465683506,2.913435806699041e-08
2018-07-06,0.7672497545240781,0.22362152241612016,0.009128367570987457,3.554888143667744e-07
2018-07-13,0.7364708545578511,0.2500562224109507,0.013471557389082157,1.3656421160196588e-06
2018-07-20,0.25270319878746644,0.7450300737863843,0.002266315005671546,4.124204778184842e-07
2018-07-27,0.05870856409139516,0.9407489611918735,0.0005424059884039672,6.872832741614312e-08
2018-08-03,0.024566843225817654,0.9752116042283738,0.00022153247507351165,2.007073505912096e-08
2018-08-10,0.007238394216498737,0.9925732855989128,0.0001883108390461689,9.345542151426013e-09
2018-08-17,0.005177399264054987,0.9946455804145073,0.0001770149389655495,5.382472164109837e-09
2018-08-24,0.0022977306713659594,0.9974148947284288,0.0002873693882945409,5.211910679587431e-09
2018-08-31,0.004120589347009151,0.995577079167896,0.00030232348781885254,7.997276116040949e-09
2018-09-07,0.017773021990843317,0.9817794355196531,0.0004475311386511391,1.1350852589304023e-08
2018-09-14,0.014219917361093503,0.9853877907772571,0.0003922791817475127,1.2679901868402586e-08
2018-09-21,0.023742337727864316,0.9760372369115088,0.00022041284647838296,1.251414848500625e-08
2018-09-28,0.051849803098498154,0.9472938208599897,0.0008563522793366661,2.3762175492241717e-08
2018-10-05,0.24610907661059622,0.7319484904025654,0.021941987458856907,4.455279816070134e-07
2018-10-12,0.3945849864732879,3.7335100099397616e-06,0.6054044406514152,6.839365287072327e-06
2018-10-19,0.3516179033224887,0.04709489228358781,0.6010603750389756,0.0002268293549479747
2018-10-26,0.03735618582584806,5.296057137254594e-09,0.9624042241257552,0.00023958475233962025
2018-11-02,0.015035966705394392,5.0641378476210054e-08,0.9846458469325574,0.0003181357206697073
2018-11-09,0.018989666920557854,6.728813030296235e-07,0.980719787613666,0.0002898725844730465
2018-11-16,0.011884184687594022,8.601369941308612e-07,0.9877932656774118,0.0003216894980001259
2018-11-23,0.00036440742705863213,5.588949525817666e-13,0.998503685723834,0.0011319068485485327
2018-11-30,2.4037864821691568e-06,4.212369710192671e-18,0.9914334948474974,0.008564101366020288
2018-12-07,1.697170436836621e-07,2.703295579557313e-20,0.9621438767536749,0.037855953529281464
2018-12-14,0.0002577968717105528,6.747304018003962e-08,0.9269263233833279,0.07281581227192133
2018-12-21,1.3831912399032528e-15,1.2326777318255222e-45,0.2859597883970391,0.7140402116029595
2018-12-28,3.620445922666011e-08,5.99687293127092e-20,0.6029780748082119,0.3970218889873289
2019-01-04,4.537808319420367e-05,7.603636170168676e-11,0.9471604503037454,0.05279417153702406
2019-01-11,0.0003520114084017447,4.984483368309174e-10,0.9894651652916793,0.010182822801470754
2019-01-18,0.004446609571668527,0.9359622519468961,0.0594824293811169,0.00010870910031848038
2019-01-25,0.000999394705358661,0.9939358138544566,0.0050571399854794875,7.651454705223962e-06
2019-02-01,0.0024352704254504798,0.9966237203176006,0.0009407448826180395,2.6437433100620644e-07
2019-02-08,0.0020157336561741823,0.9968421595611116,0.0011420154442406815,9.133847363115938e-08
2019-02-15,0.021799781254604553,0.9670673088434171,0.011132614659781272,2.952421971575097e-07
2019-02-22,0.013953870985711738,0.9840729193771938,0.0019727456807589997,4.6395633566260484e-07
2019-03-01,0.1685496390525478,0.829633879235437,0.0018163545311554376,1.27180859871261e-07
2019-03-08,0.9237455968773308,0.043736881537351696,0.03251731536099008,2.0622432752633767e-07
2019-03-15,0.9322560107539849,0.020011261771901972,0.04772581767101546,6.909803097600294e-06
2019-03-22,0.40483217169265096,0.5596259347848282,0.03553558749176493,6.306030755830117e-06
2019-03-29,0.21274559408837704,0.7242141612347971,0.06302889211194661,1.1352564879295552e-05
2019-04-05,0.14495465357794227,0.8266822311540772,0.028354833829961547,8.281438018792704e-06
2019-04-12,0.016878607727046763,0.9814891791853761,0.0016313788636622142,8.342239148502053e-07
2019-04-19,0.010627523141306407,0.9891423505635081,0.00023006340984976716,6.288533563378043e-08
2019-04-26,0.025177016954500853,0.974282166272036,0.0005408069610225428,9.81244050231553e-09
2019-05-03,0.06154366313213219,0.9339017512008,0.004554415632384396,1.7003468339973752e-07
2019-05-10,0.47607428385160744,0.3953064178273075,0.1286182034827514,1.0948383336703437e-06
2019-05-17,0.38973363842408393,0.42395528893021645,0.18627148942574376,3.95832199559429e-05
2019-05-24,0.30091495654107253,0.3129219601472973,0.38609636991496527,6.671339666488969e-05
2019-05-31,0.05258753668608453,0.0029445917863936493,0.9442229113254559,0.00024496020206587685
2019-06-07,6.082612373414342e-05,6.68463351790147e-13,0.997548033638527,0.0023911402370704713
2019-06-14,0.0021795532889908468,0.011022242718436258,0.9858551115661294,0.000943092426443521
2019-06-21,0.0033240347670051153,0.07624077124243106,0.9190592168140611,0.00137597717650265
2019-06-28,0.0010036172484266064,0.7768043797399015,0.22179808014279428,0.0003939228688776659
2019-07-05,0.00356132577845708,0.9561942300076376,0.04021772537657293,2.6718837332414862e-05
2019-07-12,0.005951475147642798,0.9750281816011498,0.019008251791499335,1.2091459708141842e-05
2019-07-19,0.13863312664636798,0.8033218728030502,0.05803911448114545,5.886069436272721e-06
2019-07-26,0.29272113669406813,0.4684424565396215,0.23881648334118827,1.9923425122093177e-05
2019-08-02,0.04565674252890978,8.657138498721487e-05,0.9541269772666893,0.00012970881941380693
2019-08-09,0.0019380646694196868,0.004164388592602758,0.9917978804952797,0.002099666242697779
2019-08-16,7.467936401556394e-05,0.0004066869506317264,0.9928301638777957,0.006688469807557218
2019-08-23,3.92785629932673e-05,0.00046607613047617565,0.990654347168122,0.00884029813840859
2019-08-30,0.002808773802599596,0.0007375786977913048,0.9933607216956725,0.003092925803936538
2019-09-06,0.16003638629098274,0.0585858360654696,0.7810332548087904,0.00034452283475735454
2019-09-13,0.3372227454095997,0.6239598446794835,0.03876842206990608,4.8987841010656506e-05
2019-09-20,0.1716971499579885,0.8250911730145845,0.0032101503800615752,1.5266473653641853e-06
2019-09-27,0.08852470611118789,0.9107529783068206,0.0007221874418278162,1.281401637421789e-07
2019-10-04,0.01623452158971851,0.9832139620768887,0.0005514953052355654,2.102815708490001e-08
2019-10-11,0.004287053298933617,0.995197492026312,0.0005154347338071132,1.9940947273578873e-08
2019-10-18,0.007382941432301794,0.992409606181222,0.00020743797552514424,1.4410951035836581e-08
2019-10-25,0.007110772605365764,0.9926518476830644,0.0002373742295134348,5.4820564377835644e-09
2019-11-01,0.008775184232552037,0.9910034318363086,0.00022137754705230835,6.384087031117363e-09
2019-11-08,0.010771407164004284,0.989065416019681,0.00016316886153558454,7.954779118656086e-09
2019-11-15,0.007349415373697922,0.992449339172247,0.00020124106336744186,4.390687742213652e-09
2019-11-22,0.00860788401426301,0.9911249589643907,0.000267151512684454,5.50866186594687e-09
2019-11-29,0.010690591930910985,0.988997693924858,0.00031170552963764685,8.614593280421911e-09
2019-12-06,0.001687552597894262,0.9979841309282752,0.00032830572596533037,1.0747865147593967e-08
2019-12-13,0.001264537279277885,0.9984543269646592,0.0002811249937842636,1.0762278681501315e-08
2019-12-20,0.0015884234171692241,0.9982019563005949,0.00020961087733143053,9.404904420579878e-09
2019-12-27,0.0009374742638641522,0.9986306938240013,0.0004318178672984457,1.4044836118237825e-08
2020-01-03,0.00032148475376124713,0.995966792909952,0.0037114072375905014,3.150986960599343e-07
2020-01-10,0.0009665136059155548,0.993468847697101,0.005563418672600553,1.2200243828749553e-06
2020-01-17,0.008245850047551195,0.9404957193940537,0.05125585110678366,2.579451611422182e-06
2020-01-24,0.026448521276077865,0.6931177696897111,0.28040899646685247,2.471256735849913e-05
2020-01-31,0.037601883418160516,0.004097538838765003,0.9581783362014094,0.00012224154166523522
2020-02-07,0.002973456484289158,1.4615699325039053e-08,0.9962425719633629,0.000783956936648693
2020-02-14,0.002511069262744362,0.00012286393479779494,0.9916368817529543,0.005729185049503515
2020-02-21,2.3532021325256797e-09,1.9486889077789904e-09,0.9128780760043587,0.08712191969375023
2020-02-28,3.0435653208027514e-33,1.91229181135941e-86,1.4766470748731968e-06,0.9999985233529252
2020-03-06,1.1266172174854648e-21,4.798597251404908e-26,0.0002598236949146766,0.9997401763050854
2020-03-13,2.0652496142390794e-57,8.037155436618675e-120,3.849391839159186e-09,0.9999999961506082
2020-03-20,7.512516507576513e-129,2.419311782044388e-286,2.136903014019026e-24,1.0
2020-03-27,6.041477696443806e-106,4.0544725015322676e-202,1.571683901809269e-20,1.0
2020-04-03,5.399663520405526e-69,4.7268559071219825e-114,1.1823746402613327e-08,0.9999999881762536
2020-04-10,5.931221002555095e-63,4.097168448406049e-135,5.94557138918758e-17,1.0
2020-04-17,6.37581534900436e-24,1.921437598218844e-07,0.017161692646972312,0.9828381152092679
2020-04-24,7.368642394118222e-07,5.796385078572421e-10,0.7910845051519942,0.20891475740412793
2020-05-01,0.0016520726351352455,0.004638662620590301,0.9750100645298557,0.018699200214418708
2020-05-08,0.005361450926212029,5.446724260873086e-10,0.9932587356631285,0.001379812865987037
2020-05-15,0.04477075343322917,2.305505110764005e-06,0.9549203047714261,0.00030663629023397444
2020-05-22,0.135087137930735,0.0010357362416224861,0.863635179060827,0.00024194676681541416
2020-05-29,0.13731926147349025,0.005938302153521259,0.8564832603572409,0.00025917601574755085
2020-06-05,0.09274398547291342,2.0493672153090506e-06,0.9069877863617017,0.0002661787981694722
2020-06-12,0.010590414273712283,1.4595141322273713e-10,0.989030600898425,0.0003789846819111882
2020-06-19,0.014612975023445942,2.070198786020398e-05,0.985058911602934,0.0003074113857598355
2020-06-26,0.00035556941919602557,1.7650977304920323e-11,0.9986325590610053,0.0010118715021477525
2020-07-03,5.278665560615277e-07,3.0964266923671685e-18,0.9941832786661149,0.005816193467329083
2020-07-10,0.00468043798477629,0.0007283878591015676,0.9938064466609109,0.0007847274952113532
2020-07-17,0.00941440954716091,0.02991838949419083,0.9599845061257626,0.0006826948328857524
2020-07-24,0.0002642548804878912,0.1813846939733316,0.8146261304989377,0.0037249206472429047
2020-07-31,6.416347290155985e-05,0.26868565117207,0.7241230114667175,0.007127173888311007
2020-08-07,0.0004587357007326088,0.535958844352585,0.4605787657563607,0.0030036541903218222
2020-08-14,0.011323132558028732,0.9321655750665919,0.05645766656317799,5.362581220123484e-05
2020-08-21,0.127951188077622,0.8631389907995614,0.00890910672158309,7.144012335537215e-07
2020-08-28,0.9912324261778825,0.0028489539519219865,0.005918470469015503,1.494011800310958e-07
2020-09-04,0.9952840357266424,2.447027129224921e-06,0.0047128626254306005,6.546207977934959e-07
2020-09-11,0.9809611890416957,2.160114825311981e-05,0.019016978562436625,2.3124761448719446e-07
2020-09-18,0.9914839148813382,0.0010201072746641425,0.007495712749674201,2.6509432351672293e-07
2020-09-25,0.9920509608284372,0.005462956825743721,0.0024858020425458345,2.803032732248698e-07
2020-10-02,0.9877011751025125,0.0015632408108852,0.010735223481661437,3.6060494075734684e-07
2020-10-09,0.9511486808534726,2.3052114942872124e-05,0.0488255715866468,2.6954449376255896e-06
2020-10-16,0.5948173925196933,0.3855048417954226,0.019669908221743956,7.85746314014242e-06
2020-10-23,0.31417460682320403,0.5780161134700703,0.10778361117465987,2.566853206577798e-05
2020-10-30,0.00020351531731335168,1.7459144880626842e-17,0.9990616706748153,0.0007348140078712651
2020-11-06,3.610821974474368e-11,1.22392698003969e-34,0.9689016602439878,0.031098339719903858
2020-11-13,0.0024937421625306827,1.2934327302054847e-11,0.9951696620028594,0.002336595821675627
2020-11-20,0.06205535234907616,2.252005357846846e-07,0.9376948105852376,0.0002496118651504286
2020-11-27,0.4626315669262357,0.0008117331342818983,0.536455697314688,0.00010100262479451427
2020-12-04,0.6441665422023944,0.30368945347688625,0.05209697246320402,4.7031857515420824e-05
2020-12-11,0.28354432138103514,0.7088479167745481,0.007605192689877513,2.5691545393699716e-06
2020-12-18,0.0708220789218624,0.9279666090197072,0.0012110772085722446,2.348498581902473e-07
2020-12-25,0.005952036362433706,0.9930481594102283,0.0009997189381745538,8.528916346778366e-08
2021-01-01,0.024038886409114644,0.973715497338628,0.002245574174312292,4.207794517528162e-08
2021-01-08,0.34420712635936696,0.6542214309580787,0.0015714099487735226,3.273378083372045e-08
2021-01-15,0.8448929938198646,0.1478028566174633,0.0073039699798321655,1.7958283998054291e-07
2021-01-22,0.92439326103203,0.017823041450494456,0.05778114082342167,2.556694053785977e-06
2021-01-29,0.5115547263585709,3.65809016151949e-08,0.4884200734960706,2.5163564456848005e-05
2021-02-05,0.16838555333490846,4.614016301871423e-14,0.8315420851871129,7.236147793248856e-05
2021-02-12,0.8250858792369862,0.0008427570068132481,0.17406788021908626,3.4835371142787424e-06
2021-02-19,0.9882063439539316,9.553632355329203e-05,0.011696009235240133,2.1104872750163635e-06
2021-02-26,0.9942170419327916,1.1571519148264702e-08,0.005782879722677231,6.677301204787126e-08
2021-03-05,0.9995628089376111,0.00021606728430140898,0.00022109181066825673,3.19674193608741e-08
2021-03-12,0.9988300297665906,5.879780465242771e-08,0.0011699075162368143,3.919367943118285e-09
2021-03-19,0.9991721925435073,0.00011352429047991578,0.0007142590636480076,2.410236467405184e-08
2021-03-26,0.9777763795346954,0.018687101169221666,0.0035364509926089725,6.830347390319611e-08
2021-04-02,0.8341758823205685,0.1438582299953511,0.02196521569536691,6.71988713531325e-07
2021-04-09,0.7624151018153918,0.16074532691222743,0.07683348464364186,6.0866287388282535e-06
2021-04-16,0.035030041057661325,0.9516540454581502,0.013310795041246062,5.118442942344195e-06
2021-04-23,0.0019034546629523568,0.9964743917704514,0.001621357268903866,7.962976924796911e-07
2021-04-30,0.001149097749808225,0.9983811345477771,0.0004696981343494184,6.956806524351575e-08
2021-05-07,0.001230904700998378,0.9979480114978523,0.0008210501910197637,3.361012957741513e-08
2021-05-14,0.003634800096244985,0.9957020949351626,0.0006630688365363535,3.613205615965195e-08
2021-05-21,0.0010768364107910967,0.998433947775389,0.0004891834240384179,3.2389781480848475e-08
2021-05-28,0.001753391861589402,0.9965748970692173,0.0016716501982842434,6.087090907442969e-08
2021-06-04,0.0038602697432980003,0.9949198841130614,0.0012197255264169062,1.2061722358440749e-07
2021-06-11,0.02917293967991206,0.9633651562177283,0.007461639077204011,2.6502515563917105e-07
2021-06-18,0.9317165065499508,0.014053934943174846,0.05422874508776868,8.134191057646217e-07
2021-06-25,0.9461707438502754,2.491146324933074e-06,0.053819825025653995,6.939977745653727e-06
2021-07-02,0.9519822544855397,0.003593584215529239,0.044415839175648356,8.322123282746009e-06
2021-07-09,0.7715221216684334,0.19096375256522516,0.03750683869651999,7.287069821546131e-06
2021-07-16,0.3797295415253818,0.5581579963453039,0.06210393118301079,8.53094630349435e-06
2021-07-23,0.27763162395351376,0.6359604825483015,0.08638894915623208,1.8944341952605328e-05
2021-07-30,0.09433662830721876,0.8903482335069103,0.015310029264433828,5.108921437118811e-06
2021-08-06,0.1412720192816927,0.8531089727392605,0.005617573469415381,1.4345096315790473e-06
2021-08-13,0.059212208111797136,0.9396779278447585,0.0011096665516012107,1.974918432086484e-07
2021-08-20,0.02332905104437245,0.9760188171161724,0.0006520947108528664,3.712860229609077e-08
2021-08-27,0.023191899409926175,0.9756816892679898,0.0011263758399782562,3.548210591068899e-08
2021-09-03,0.019717034418797772,0.9787190443861062,0.0015638594697576097,6.172533835352181e-08
2021-09-10,0.291843279878581,0.7031529044864572,0.0050037666959630986,4.893899871541998e-08
2021-09-17,0.48514409586087925,0.512977557140233,0.001878317972828856,2.9026059048049092e-08
2021-09-24,0.8288134765724093,0.17018814491152015,0.0009983729951797274,5.520890903633896e-09
2021-10-01,0.9965852752276253,0.002108634507534578,0.001306086369671147,3.8951689940591644e-09
2021-10-08,0.9954954497410459,0.0038175361068120404,0.0006869843471967898,2.9804945315928744e-08
2021-10-15,0.9887880928582544,0.004284846732647164,0.006926980647824347,7.976127404446997e-08
2021-10-22,0.9048362139338164,0.06724263970535374,0.027919675378837428,1.470981992440967e-06
2021-10-29,0.13696178975403733,0.8525247281106004,0.010511896664334462,1.5854710278831156e-06
2021-11-05,0.009085057828725629,0.9814195979845828,0.0094930130208389,2.331165852580989e-06
2021-11-12,0.002582980908211105,0.9903269164091244,0.007087605693108464,2.4969895559621874e-06
2021-11-19,0.037732250074809535,0.9306001733203421,0.031664524015345925,3.052589502457664e-06
2021-11-26,0.7124424846204996,0.008177527014022672,0.2793727809930987,7.207372378956348e-06
2021-12-03,0.6834735640972632,0.010084909708838616,0.30636675500816923,7.477118572893374e-05
2021-12-10,0.5388868619477171,2.2062964663001745e-09,0.46101761696186633,9.551888412010536e-05
2021-12-17,0.6063100546545696,2.042726345054576e-06,0.3936197829809466,6.811963813882404e-05
2021-12-24,0.7445976278344163,0.0005315841982464749,0.25484081910879997,2.9968858537283412e-05
2021-12-31,0.8785222530242055,0.034938930649950066,0.0865193947041261,1.9421621718298903e-05
2022-01-07,0.9328363354850001,0.0012015990839608249,0.06594438212097999,1.768331005914845e-05
2022-01-14,0.8226441634805234,0.07264386858191808,0.1046675859944091,4.43819431494605e-05
2022-01-21,0.005393074738079522,1.8511426459393208e-17,0.9944877511843712,0.0001191740775493736
2022-01-28,0.11867527335776491,3.4082544182400407e-06,0.8809426629266075,0.00037865546120937076
2022-02-04,0.10840126504582462,8.546320915531672e-08,0.8913197806830107,0.0002788688079555475
2022-02-11,0.11503727445748774,4.865544486822748e-09,0.8847018539731275,0.00026086670384032826
2022-02-18,0.27852914237211107,0.010759728454229974,0.7104931306800267,0.00021799849363212038
2022-02-25,0.21635912948099492,0.13741476204463962,0.6459702092965762,0.000255899177789246
2022-03-04,0.05850057567831177,0.11725272915863981,0.8238644993980297,0.00038219576501870414
2022-03-11,0.0439801231700826,0.0009821356278225145,0.9547546782726942,0.0002830629294006281
2022-03-18,0.0002455238480423328,5.094027404011515e-19,0.9986728041873127,0.0010816719646448247
2022-03-25,0.16198083752646764,6.750534007648155e-09,0.8379955989824205,2.355674057795362e-05
2022-04-01,0.946047473243691,0.0005764385834556967,0.05337394548243081,2.1426904224938922e-06
2022-04-08,0.9956892376751536,1.992381394433955e-05,0.0042906136058497,2.2490505235212824e-07
2022-04-15,0.99888412342358,1.3955848817706326e-05,0.001101901948796369,1.8778805937624682e-08
2022-04-22,0.9991736904137184,8.618767595576537e-06,0.0008176839177733397,6.900912771429535e-09
2022-04-29,0.9989126960312578,9.989241158477402e-08,0.0010871742661430696,2.9810187607149594e-08
2022-05-06,0.9986239328280576,0.00031725739000000293,0.0010581138750236654,6.959069186658788e-07
2022-05-13,0.9106515358228039,2.651763908639041e-08,0.08934624449848605,2.193161071053216e-06
2022-05-20,0.49286579374528605,7.271207446227551e-08,0.5070444632377135,8.967030492593736e-05
2022-05-27,1.260068850362973e-05,3.9751960198669604e-22,0.9958162424287424,0.004171156882753908
2022-06-03,0.002065464917039193,7.695092484351831e-07,0.9799613862053573,0.017972379368355076
2022-06-10,7.273644533324542e-09,2.4989188674801353e-25,0.6581017346714069,0.34189825805494845
2022-06-17,2.724590647112144e-13,3.2915438971397235e-40,0.14397635963667563,0.8560236403630518
2022-06-24,3.2699318871673906e-19,4.068589274375551e-59,0.04487161667986009,0.9551283833201399
2022-07-01,3.0759290864416966e-10,4.700086029647412e-29,0.5271618026394521,0.4728381970529548
2022-07-08,0.0002267602413287429,9.021407836603368e-17,0.9371265994664256,0.06264664029224563
2022-07-15,0.0795695333893006,1.2186469501277404e-05,0.9176257164274731,0.0027925637137249815
2022-07-22,0.1165748431724913,0.00028408615237624754,0.8827993074058474,0.00034176326928495276
2022-07-29,0.13024947180255161,0.01089151738755785,0.8585863543474213,0.0002726564624693935
2022-08-05,0.021574210290510147,0.32665238475666775,0.6512833803029638,0.0004900246498583163
2022-08-12,0.05226901187688514,0.2848769135165833,0.6625291957531788,0.0003248788533527609
2022-08-19,0.22272736934196294,0.07026693350951177,0.7067429482417235,0.000262748906801782
2022-08-26,0.002931009794917004,4.1197507350681045e-14,0.9963674131362171,0.0007015770688246436
2022-09-02,0.00011477792038227143,6.086196245997868e-17,0.997186008815604,0.002699213264013591
2022-09-09,5.246532240330444e-05,5.197377534448373e-18,0.9937841750253711,0.006163359652225533
2022-09-16,1.1773037172627551e-07,3.158886888005158e-26,0.9870701813175311,0.012929700952097207
2022-09-23,7.128020722689291e-07,8.022333369351572e-25,0.9857593209528535,0.014239966245074277
2022-09-30,0.002251343223390991,6.236273762051686e-16,0.9938556673702396,0.0038929894063689284
2022-10-07,0.1540381328384353,1.778781458432548e-09,0.8449407692689243,0.0010210961138590064
2022-10-14,0.31941394450136285,1.908309957904276e-06,0.6797587197868556,0.0008254274018236543
2022-10-21,0.24189177824780692,6.413688525187853e-11,0.7574601342796129,0.0006480874084431648
2022-10-28,0.24413204230761118,9.324529979862853e-05,0.7555117908796501,0.0002629215129400747
2022-11-04,0.09145179857370514,5.4913298295257895e-09,0.908039535289972,0.0005086606449930526
2022-11-11,7.597553518164689e-05,4.0377250887282694e-13,0.9963337459192817,0.0035902785451329853
2022-11-18,0.00012257581111025468,6.596521964924094e-05,0.9942384027433865,0.005573056225853978
2022-11-25,6.598912881362714e-05,5.075128743240614e-07,0.9877141431882324,0.012219360170079735
2022-12-02,3.469105057927032e-06,0.00010189705945616088,0.9663081442433517,0.03358648959213425
2022-12-09,0.00027882422705988673,2.414041421431837e-07,0.9935383172095408,0.006182617159257226
2022-12-16,0.007620987836159372,0.00021781767362928173,0.99065380047226,0.0015073940179513978
2022-12-23,0.15545438446127383,0.622776861415995,0.2216843712410904,8.43828816409714e-05
2022-12-30,0.21956957028761687,0.7500998309064129,0.030305283354763304,2.5315451206978695e-05
2023-01-06,0.06670039204518016,0.906958223111242,0.02633514902446028,6.235819117607002e-06
2023-01-13,0.006821467949661663,0.9536948954643492,0.03946981780954933,1.3818776439897684e-05
2023-01-20,0.0008846648513885061,0.9301738274157134,0.06888879576822465,5.271196467328301e-05
2023-01-27,0.029295187341053477,0.8271274708225013,0.14353271266733497,4.462916911033438e-05
2023-02-03,0.5416277158115974,0.41011307136260267,0.048258237759241394,9.750665584525125e-07
2023-02-10,0.9909300443624063,0.004588717672563564,0.00448103128205825,2.0668297195267752e-07
2023-02-17,0.9969013849256064,0.0018035143376937545,0.0012946938595791281,4.0687712058490514e-07
2023-02-24,0.9745037792630901,8.151920165186048e-08,0.02549494282418605,1.1963935222502117e-06
2023-03-03,0.8477669989694577,8.675413415009689e-05,0.15213599534563646,1.0251550755758025e-05
2023-03-10,0.002915696874557724,1.9307735610394073e-13,0.9969494564732141,0.00013484665203511345
2023-03-17,0.00042633989379981603,1.571828184021315e-05,0.998274053924643,0.001283887899717132
2023-03-24,6.12033781819473e-05,1.200944063859981e-06,0.9965123362570105,0.003425259420743664
2023-03-31,0.0004798711205952614,5.682720944670617e-07,0.996755079304361,0.0027644813029490526
2023-04-07,0.0009465396639131975,0.7648226932403301,0.23372376237598677,0.0005070047197698846
2023-04-14,0.002956052070750358,0.9875702601403804,0.009464357607615149,9.330181253988874e-06
2023-04-21,0.0024186638860500065,0.9970850343453928,0.0004959760187044127,3.2574985289101705e-07
2023-04-28,0.005477902237206249,0.9941769077784695,0.00034517509549909927,1.4888825280115439e-08
2023-05-05,0.03186760267518011,0.9677992009001768,0.0003331884291484993,7.995494686854461e-09
2023-05-12,0.1324048840721024,0.8665253485524967,0.001069764302761161,3.0726397428378126e-09
2023-05-19,0.7767324912768283,0.22046554904840637,0.0028019520400399435,7.63472528404903e-09
2023-05-26,0.8758154105148963,0.12371177542446578,0.0004727847698469899,2.9290790941122194e-08
2023-06-02,0.91501791807688,0.08374672661418003,0.0012353333235515082,2.1985388431615713e-08
2023-06-09,0.7624161850696674,0.23644862109500772,0.001135154640413074,3.919491193217803e-08
2023-06-16,0.7972571767603474,0.1976299557879853,0.005112817956698379,4.9494968957103665e-08
2023-06-23,0.8551573498780562,0.13906669921704512,0.005775798311864537,1.5259303423877685e-07
2023-06-30,0.9810833582590051,0.0122534394422794,0.0066631017767741635,1.0052194136295194e-07
2023-07-07,0.9955466789257313,0.0011744398657443677,0.003278498733986792,3.8247453734280954e-07
2023-07-14,0.9738970691754129,0.008694318636618589,0.017407994061161267,6.181268071616696e-07
2023-07-21,0.5166584790209416,0.4777251977078194,0.005615831619509248,4.916517297625332e-07
2023-07-28,0.5845823991150539,0.4125435109194753,0.002873995119682962,9.48457878035878e-08
2023-08-04,0.9056105387841314,0.0891678788082368,0.0052215542590027504,2.814862886859041e-08
2023-08-11,0.9480937652232585,0.05148137371680109,0.0004248543897596316,6.670180647110467e-09
2023-08-18,0.9995987791599593,8.209656996000901e-05,0.00031912227066855205,1.9994122324525116e-09
2023-08-25,0.9953140952456496,0.004230731518010369,0.00045516843949176464,4.796848288596448e-09
2023-09-01,0.9944092441270627,0.0010591583429164415,0.004531576539067301,2.099095353553251e-08
2023-09-08,0.9710335006680859,0.022915680082156182,0.006050499189786172,3.2005997185119137e-07
2023-09-15,0.8652375883871787,0.1295727553668079,0.0051895054730031745,1.5077301034307225e-07
2023-09-22,0.9947419728754806,0.00017088723360669979,0.005087128657444632,1.1233468051885968e-08
2023-09-29,0.9982209562187719,0.0016119604318975615,0.00016708050250266565,2.846827865200412e-09
2023-10-06,0.9997272925198553,0.00019630020713940952,7.640240577348174e-05,4.86723193825561e-09
2023-10-13,0.9930826886013466,0.004914040276729332,0.0020032619243711375,9.197552882429897e-09
2023-10-20,0.9606521241772004,0.00023338889352335807,0.03911359532544716,8.916038291089384e-07
2023-10-27,0.4807909388080798,0.0025376614675139343,0.5166396700236997,3.17297007065712e-05
2023-11-03,5.0288684676005206e-05,1.2930997597549418e-14,0.993684954285175,0.006264757030136071
2023-11-10,0.007633036957086817,5.128780312789451e-05,0.9917008076330758,0.000614867606709543
2023-11-17,0.005734611813313626,0.002202436176216582,0.9910586609000903,0.0010042911103795254
2023-11-24,0.004612164700899214,0.6356728924878158,0.3594034866761163,0.00031145613516855223
2023-12-01,0.00036372063494378136,0.8152519788537549,0.18398434463218566,0.0003999558791156891
2023-12-08,0.00018362877002357984,0.8735121113069215,0.12591917017720738,0.0003850897458475704
2023-12-15,0.0003914151674096135,0.9082898136335151,0.09108467949351444,0.0002340917055609323
2023-12-22,0.0001419034790997755,0.9418540371422015,0.05779938373139721,0.00020467564730160481
2023-12-29,0.0018061107984891902,0.9827079103965107,0.01546830193109661,1.7676873903533527e-05
2024-01-05,0.07563625813408065,0.9132491002693728,0.011113347511717346,1.2940848292628959e-06
2024-01-12,0.32659815759504496,0.6685793952878846,0.004822213611511542,2.335055588525006e-07
2024-01-19,0.5642457436410544,0.43382852693115737,0.001925512424965115,2.1700282323954321e-07
2024-01-26,0.5002261446130859,0.49834706732504436,0.0014266241842909486,1.638775789923917e-07
2024-02-02,0.11267638486718912,0.8858047907048783,0.0015187852472164781,3.918071614035174e-08
2024-02-09,0.045146061206893774,0.9544200724839863,0.0004338210463745993,4.526274526205981e-08
2024-02-16,0.016137013866665245,0.9835332578730674,0.00032971522891518386,1.3031352139368332e-08
2024-02-23,0.019193267654840147,0.9792546565786463,0.0015520517460880787,2.4020425635650266e-08
2024-03-01,0.0047269826469466675,0.9947418452895916,0.0005311161092442239,5.5954217424439024e-08
2024-03-08,0.0003029102488108044,0.9977995576618699,0.0018973771145346602,1.549747846488712e-07
2024-03-15,0.0005980517438059751,0.9964837743978919,0.0029176469867643203,5.26871537729464e-07
2024-03-22,0.012913098616097086,0.9723894799397741,0.014696470144839232,9.512992897022884e-07
2024-03-29,0.0037076180673345114,0.99077101375335,0.0055188860457462355,2.4821335692482506e-06
2024-04-05,0.08757502497136949,0.9024722981620038,0.009951701016912637,9.75849714087176e-07
2024-04-12,0.33411935036672236,0.6003437806500512,0.06553454205675732,2.3269264690240124e-06
2024-04-19,0.8622565291512039,0.016029521500889286,0.12170618981489269,7.759533014139161e-06
2024-04-26,0.928472037736724,0.00010316219544677808,0.07141469009683997,1.0109970989238923e-05
2024-05-03,0.9345219714403857,0.025641785704536735,0.039825300400593705,1.0942454483834601e-05
2024-05-10,0.8650114322949557,0.05936243211417844,0.07561543658261963,1.0699008246224821e-05
2024-05-17,0.0607875533918832,0.9256170843721488,0.013590979849348142,4.3823866198536335e-06
2024-05-24,0.004017238185421521,0.9945072240331964,0.0014748211758930316,7.16605489129792e-07
2024-05-31,0.009402634395598346,0.9899214716367772,0.0006758376020748749,5.6365549460273285e-08
2024-06-07,0.08418805420542715,0.9136046567131706,0.0022072372349302713,5.1846472005899695e-08
2024-06-14,0.09483173892414513,0.8997279743099696,0.005440004409952578,2.823559325584441e-07
2024-06-21,0.00717620470385258,0.9918998148196867,0.0009237873888061779,1.9308765461795763e-07
2024-06-28,0.001753633130274871,0.9978732041444244,0.0003731271309669379,3.5594333691396464e-08
2024-07-05,0.002200913990114369,0.9962031915510743,0.0015958531587854288,4.1300026045610574e-08
2024-07-12,0.0020999545433447605,0.9962878733314535,0.001611965834005611,2.0629119607711767e-07
2024-07-19,0.026372096668029223,0.9547207592837802,0.018906728354409687,4.156937809767917e-07
2024-07-26,0.013208665109318778,0.9406233020908695,0.046160053151454106,7.979648357656201e-06
2024-08-02,0.030182135789598618,0.6939177293544455,0.2758741929119557,2.5941944000231708e-05
2024-08-09,0.016515161864839437,0.6907075036313671,0.2925913514262714,0.0001859830775221077
2024-08-16,0.002328160739094251,5.638994847000421e-06,0.9972437814880803,0.00042241877797834183
2024-08-23,0.0016221374131288214,0.014673416463377264,0.982599295984073,0.0011051501394209512
2024-08-30,0.009010365532898997,0.12783212345015693,0.8623964511355265,0.0007610598814175503
2024-09-06,0.00030435807830895336,7.245266845989087e-10,0.998767755771054,0.0009278854261102268
2024-09-13,0.00019562284028634556,2.3669385746738226e-10,0.9988440055054116,0.0009603714176082203
2024-09-20,0.013407283927881564,0.009968462591789514,0.976191433388754,0.0004328200915748862
2024-09-27,0.020006753002685576,0.12229126473214434,0.8571125566102344,0.0005894256549355671
2024-10-04,0.009145096664955665,0.9494072610015415,0.04141559153635798,3.2050797144890346e-05
2024-10-11,0.012489538222163555,0.9862507578673969,0.0012582929865908338,1.4109238488632104e-06
2024-10-18,0.028946138387386168,0.970570979740098,0.00048283592072140307,4.595179442850502e-08
2024-10-25,0.19663412583874917,0.8002369338699044,0.003128879184429175,6.110691732548482e-08
2024-11-01,0.4832632576780671,0.45629081437000246,0.06044491306406836,1.0148878619080756e-06
2024-11-08,0.5003660988274149,1.3833278036683693e-08,0.49962252171210275,1.1365627204360589e-05
2024-11-15,0.7835887711932227,2.6137170305202413e-07,0.21633559211842301,7.537531665129244e-05
2024-11-22,0.8697449740420788,0.000145933603492911,0.1300824262701218,2.6666084306436725e-05
2024-11-29,0.8734709467739369,0.02956078662297914,0.0969483275724718,1.993903061225743e-05
2024-12-06,0.7738716620558207,0.19055334895434808,0.03556595693503837,9.032054792833144e-06
2024-12-13,0.5918059066239578,0.39282869861698044,0.015364791584699835,6.031743619628144e-07
2024-12-20,0.9936060629283759,0.0022425580478964277,0.0041513359453038716,4.307842361757926e-08
2024-12-27,0.9961043805357702,0.0035204325060161495,0.0003751484654238213,3.849278968477913e-08
2025-01-03,0.9767165984619767,0.022323539405251655,0.0009598293856163883,3.274715525366428e-08
2025-01-10,0.9745252941421291,0.006347255862902459,0.019127204562108254,2.454328603342019e-07
2025-01-17,0.8015512877857314,0.0157536797690109,0.1826896606213078,5.371823950006427e-06
2025-01-24,0.3226992432922669,0.4001184044171829,0.2771173131806352,6.503910991513138e-05
2025-01-31,0.07474405701645216,0.6739642083133868,0.2511858119638342,0.00010592270632665242
2025-02-07,0.0030301450457738757,0.7734744514357279,0.22327630123669864,0.00021910228179956008
2025-02-14,0.0036560457195693344,0.7470423753066912,0.24914039281565384,0.00016118615808567176
2025-02-21,0.010810626971369362,0.654352979846795,0.3346848968488037,0.00015149633303194305
2025-02-28,0.026538890282110792,0.5350276760140052,0.43824718263583284,0.0001862510680510809
2025-03-07,0.18084687138631075,0.009058827923538243,0.8099550690695226,0.00013923162062836478
2025-03-14,0.1307509377942451,0.058136688312280776,0.8107046863088515,0.000407687584622585
2025-03-21,0.050294259436375104,0.15102024414000095,0.795254063787163,0.0034314326364609875
2025-03-28,0.005245944881043157,0.02587941002570815,0.9243190970906846,0.04455554800256408
2025-04-04,2.6239212145590047e-15,1.0980521428992633e-45,0.09324810548450743,0.90675189451549
2025-04-11,2.3717612082903525e-12,1.5232879380353885e-34,0.16087937710412983,0.8391206228934984
2025-04-18,3.4694945179066644e-06,3.5142267797850317e-13,0.661970309378645,0.3380262211264858
2025-04-25,3.966863194534346e-09,6.3077046475815466e-27,0.7294371813489169,0.27056281468421994
2025-05-02,0.01756713027842504,0.001196190819397616,0.9688532979641897,0.012383380937987624
2025-05-09,0.026556071330393283,0.049174499183004546,0.9230798660636753,0.0011895634229268112
2025-05-16,0.04604704606495904,1.6269867911162173e-09,0.9535754594110819,0.0003774928969723571
2025-05-23,0.1625715265268895,1.8603126600379564e-06,0.837206742802626,0.00021987035782445374
2025-05-30,0.2753684377277592,0.00046732732117771503,0.7239879441025524,0.0001762908485107148
2025-06-06,0.36748421755399624,0.003181712553972098,0.6291408104436862,0.0001932594483453609
2025-06-13,0.07252671353016756,0.6033619928224827,0.3239257413856154,0.0001855522617343184
2025-06-20,0.09850316512182794,0.6551375819052413,0.24622752681811172,0.00013172615481892375
2025-06-27,0.5695920777369546,0.0024343285240352283,0.42790994719562775,6.364654338228712e-05
2025-07-04,0.5279866370257889,0.24657615126972224,0.22537187895724445,6.533274724445245e-05
2025-07-11,0.44747871881805806,0.5314074388195382,0.021105479700764384,8.36266163925537e-06
2025-07-18,0.4176278493365004,0.5747654022189744,0.007604941277655892,1.8071668692705476e-06
2025-07-25,0.4699873036645726,0.5051058819805233,0.024904918485791655,1.895869112369193e-06
2025-08-01,0.8200276479572357,0.016300856050553737,0.1636658972979921,5.598694218358551e-06
2025-08-08,0.7803422431934357,0.009489243019270958,0.2101253288845592,4.3184902734218065e-05
2025-08-15,0.5444807377215284,0.353121470580427,0.10236628958391752,3.150211412707573e-05
2025-08-22,0.1069955034391522,0.8771992232167786,0.01579966639612498,5.606947944373191e-06
2025-08-29,0.005189816520566116,0.992500514293471,0.002308264496923207,1.4046890396658651e-06
2025-09-05,0.0004618110020329762,0.994298775487906,0.005237967007262127,1.446502798819953e-06
2025-09-12,0.00032023956459258546,0.9734718660813004,0.02619935962786993,8.534726236995171e-06
2025-09-19,0.00033781742645056043,0.9506392303142759,0.048981629016261165,4.13232430124439e-05
2025-09-26,0.0003493507456937131,0.881239213167936,0.11829980223227826,0.00011163385409185667
2025-10-03,0.0036067458051984684,0.7619392743591862,0.23433454164536213,0.00011943819025311229
2025-10-10,0.015319491602679649,0.04074311871872457,0.9437062764147349,0.00023111326386097354
2025-10-17,0.0008018295041197382,0.015902873947418142,0.9804661136845106,0.0028291828639513423
2025-10-24,0.018297245413104304,0.0347035843099097,0.9460874244657107,0.0009117458112752408
2025-10-31,0.3206434560555302,0.2570483817032252,0.42225144299544903,5.6719245795704384e-05
2025-11-07,0.7746720532889149,0.1320055589340653,0.09330893188053564,1.3455896484325174e-05
2025-11-14,0.8712186356277158,0.10168460093210817,0.027077780799563946,1.898264061196367e-05
2025-11-21,0.8876004376283932,0.019052245768500977,0.09333769230172896,9.624301376837255e-06
2025-11-28,0.47234221637507057,0.00016103359729255386,0.5274492876298348,4.746239780223072e-05
2025-12-05,0.08268471355591042,0.8387295929182772,0.0785499576448135,3.5735880998781376e-05
2025-12-12,0.02316583934786725,0.9594774370916436,0.017349585160355202,7.138400134003066e-06
2025-12-19,0.003093329975824292,0.9945614589054701,0.002344218635678074,9.924830275514773e-07
2025-12-26,0.0024711432726311393,0.9962184632928763,0.0013102136828152422,1.7975167733743098e-07
2026-01-02,0.002720380454563488,0.9965365323175163,0.0007430227242303383,6.450368990666787e-08
2026-01-09,0.0030101543618060917,0.994813608754455,0.002176140158961894,9.672477700004365e-08
2026-01-16,0.0005176293817139333,0.9983779516862616,0.0011041825953681584,2.363366561946235e-07
2026-01-23,0.00022276945995713983,0.9972561432708288,0.0025206370079213585,4.5026129267882966e-07
2026-01-30,0.0001612001985980919,0.9955058762391676,0.004331083570030404,1.8399922038703267e-06
2026-02-06,0.00023604017033419697,0.9958287890291704,0.003932861253935659,2.3095465596546206e-06
2026-02-13,0.000347609374798553,0.9935371642308511,0.006112691066247036,2.535328103263155e-06
2026-02-20,0.0033384547323825915,0.9895074556129003,0.007151753065082332,2.3365896346634945e-06
2026-02-27,0.0016249339557553237,0.9646307958073641,0.03370021584733725,4.405438954330888e-05
