Date,LSI,IRI,regime,regime_name
2007-05-11,-1.1326710221924186,-0.05299495143055288,1,Calm
2007-05-18,-1.1123804339960108,-0.9229205851662122,1,Calm
2007-05-25,-1.0739582185866177,-0.922727061468432,1,Calm
2007-06-01,-0.6596737392693431,-1.0967633665099623,0,Deep Calm
2007-06-08,-0.279222461664009,-1.5914117075793401,0,Deep Calm
2007-06-15,-0.27691392070440546,-1.0566772663628683,0,Deep Calm
2007-06-22,-0.1528530213912655,-0.8709791777447229,0,Deep Calm
2007-06-29,-0.5030932555841613,-0.9668734061421261,0,Deep Calm
2007-07-06,0.04987872289448402,-0.3499414701383018,0,Deep Calm
2007-07-13,-0.16526561198463963,0.11394561652677458,0,Deep Calm
2007-07-20,-0.13276269428744464,0.7819022904652817,2,Elevated Stress
2007-07-27,2.630684922128654,-0.1711019719242369,2,Elevated Stress
2007-08-03,0.9066459049261947,0.6973065558923549,2,Elevated Stress
2007-08-10,0.3487222914491394,0.0889486715669206,2,Elevated Stress
2007-08-17,-0.2417021216495515,-0.6060547582723459,2,Elevated Stress
2007-08-24,-0.47151101514662147,0.5735633341497053,1,Calm
2007-08-31,-1.3057556203589133,0.5824968010278103,1,Calm
2007-09-07,-0.3562756297727589,1.4749568017851769,1,Calm
2007-09-14,-0.17238327166048253,1.9765953246554016,1,Calm
2007-09-21,-0.453409765779568,1.7655734531880654,1,Calm
2007-09-28,-0.7226317786330351,1.7694338386823236,1,Calm
2007-10-05,-0.9372861851490735,0.8055569759157273,1,Calm
2007-10-12,-1.2281232717695474,0.7521771116808552,1,Calm
2007-10-19,1.4732242059562093,0.8855453294249005,2,Elevated Stress
2007-10-26,1.0112095798593663,0.9573208489055994,2,Elevated Stress
2007-11-02,0.7647106878658433,1.5586568741737286,2,Elevated Stress
2007-11-09,1.925681419636789,1.746895184492079,2,Elevated Stress
2007-11-16,0.09535191576464494,0.6530366202086232,2,Elevated Stress
2007-11-23,0.48592167931477676,0.8241938480735751,2,Elevated Stress
2007-11-30,0.9936668649006344,-0.0543690759917376,2,Elevated Stress
2007-12-07,-0.19014545083679962,-0.7899845393952575,0,Deep Calm
2007-12-14,0.2870483240268717,-0.2352254071207725,0,Deep Calm
2007-12-21,-0.8714626134896332,-0.27732851789674023,1,Calm
2007-12-28,-0.5707265903262847,0.6382551513246898,1,Calm
2008-01-04,1.3626735413819604,1.4023022156594807,2,Elevated Stress
2008-01-11,0.6274644782896631,2.0570612265658705,2,Elevated Stress
2008-01-18,2.5576064328948624,1.3473782308874596,2,Elevated Stress
2008-01-25,0.5790504885481884,1.6643512219933176,2,Elevated Stress
2008-02-01,2.2808685472555132,0.4634661127198268,2,Elevated Stress
2008-02-08,2.3266297744318654,-0.09647937087352312,2,Elevated Stress
2008-02-15,0.7050338347778168,-0.6361825819837699,2,Elevated Stress
2008-02-22,0.37915721413715936,-0.4790829125293105,2,Elevated Stress
2008-02-29,0.3698391221760845,0.7347937605323123,2,Elevated Stress
2008-03-07,0.5451618905365658,0.3048633950222926,2,Elevated Stress
2008-03-14,-0.24430656858422134,1.9908689401074153,2,Elevated Stress
2008-03-21,0.3430282839597605,0.21181838744716125,2,Elevated Stress
2008-03-28,-0.5730489436040799,-0.48087491752330314,0,Deep Calm
2008-04-04,0.6632827364794815,-0.4642771457271909,0,Deep Calm
2008-04-11,0.15898522648420824,-0.9488274923604704,0,Deep Calm
2008-04-18,0.5472522092920268,-0.5390564466768021,0,Deep Calm
2008-04-25,-0.617586062835041,-1.2296625347457817,0,Deep Calm
2008-05-02,-0.6818442589495808,-1.3805097529620094,0,Deep Calm
2008-05-09,-0.48610128746718273,-1.0490517347460744,0,Deep Calm
2008-05-16,0.016851506200837703,-0.43173016274573855,0,Deep Calm
2008-05-23,1.024470592187367,0.4715574910616154,2,Elevated Stress
2008-05-30,0.5835273155664437,0.022565582373599943,2,Elevated Stress
2008-06-06,1.0618352799785458,-0.497540324822612,2,Elevated Stress
2008-06-13,-0.45472122969462214,-1.3089491360702283,2,Elevated Stress
2008-06-20,0.892608328050055,-1.1757418380801512,2,Elevated Stress
2008-06-27,0.7736847796211701,0.539984985182485,2,Elevated Stress
2008-07-04,0.11694641178514688,0.3122596405995072,2,Elevated Stress
2008-07-11,0.6587159540964416,1.6313971608261861,2,Elevated Stress
2008-07-18,0.3647059480221993,0.6686202960714196,2,Elevated Stress
2008-07-25,-0.8257808302714871,-0.380954168319461,0,Deep Calm
2008-08-01,-0.6846961309388516,-0.5929720563502545,0,Deep Calm
2008-08-08,-0.2104656962584905,-2.048401520408862,0,Deep Calm
2008-08-15,-0.8338617513344377,-2.620892451401648,0,Deep Calm
2008-08-22,-0.543691971732887,-1.6105036915600663,0,Deep Calm
2008-08-29,-0.580449876649956,-1.0746145610708666,0,Deep Calm
2008-09-05,0.5549590171571445,-0.6621353710856452,0,Deep Calm
2008-09-12,-0.039250649798620516,-0.24389693071867058,0,Deep Calm
2008-09-19,0.4572935965854597,0.8042934293694682,2,Elevated Stress
2008-09-26,1.0787191478204614,0.383647635736735,2,Elevated Stress
2008-10-03,4.856788948322817,-0.3616789763446681,3,Crisis
2008-10-10,12.489561249774027,-1.9088145400529983,3,Crisis
2008-10-17,7.195036786228414,-4.358391808326385,3,Crisis
2008-10-24,7.1730542673795235,-4.870894089700193,3,Crisis
2008-10-31,8.740471292860942,-4.879700999551336,3,Crisis
2008-11-07,1.6341511092889696,-2.0780843101494404,3,Crisis
2008-11-14,4.480999034230466,-0.89573324358518,3,Crisis
2008-11-21,6.440423532496102,1.2065460582203056,3,Crisis
2008-11-28,8.979243771979133,2.592390181434248,3,Crisis
2008-12-05,5.7601132305431815,1.6389826205735694,3,Crisis
2008-12-12,4.568452842849591,3.4278390495056925,3,Crisis
2008-12-19,1.303824688436497,4.63111985998603,3,Crisis
2008-12-26,-1.5650312729300713,4.742504610680736,3,Crisis
2009-01-02,0.5536054348279892,4.727217965393489,3,Crisis
2009-01-09,-0.6619064217176948,2.517938830562683,2,Elevated Stress
2009-01-16,0.8353106883777864,-0.5645435051123523,2,Elevated Stress
2009-01-23,1.0618468486900976,-1.6970821072816333,2,Elevated Stress
2009-01-30,-1.0946653693486086,-0.900430897656595,2,Elevated Stress
2009-02-06,2.2594495781459054,-1.4252790069588137,2,Elevated Stress
2009-02-13,1.7000999232617051,-0.3737204438912339,2,Elevated Stress
2009-02-20,3.1020184206678234,0.42010029725703246,3,Crisis
2009-02-27,3.4185121204858167,-1.3802264335739152,3,Crisis
2009-03-06,3.626446896500554,-1.1537160938456161,3,Crisis
2009-03-13,6.395493734954757,-1.5289769705406209,3,Crisis
2009-03-20,2.139103398161634,-1.1954254596957121,3,Crisis
2009-03-27,3.3931102603092445,0.20603963552087787,3,Crisis
2009-04-03,-0.620571643349257,0.19106058263424186,1,Calm
2009-04-10,-0.9198720181754355,-0.20514999069658107,1,Calm
2009-04-17,-1.6502060302840909,-0.7747894611500585,1,Calm
2009-04-24,-1.85333404489161,-0.07185117055156579,1,Calm
2009-05-01,-1.8824316995938446,-0.29295425830456495,1,Calm
2009-05-08,0.39509692113115324,-0.0962504699571931,2,Elevated Stress
2009-05-15,1.9306524284344881,0.18275621742937667,2,Elevated Stress
2009-05-22,-0.44370768195654864,-0.08141738108401503,2,Elevated Stress
2009-05-29,1.2457117646898994,1.2672113779804435,2,Elevated Stress
2009-06-05,0.1960651619494446,-0.1616394240901902,2,Elevated Stress
2009-06-12,-2.13751198551854,-0.41903677325159383,2,Elevated Stress
2009-06-19,0.45876455448803033,-0.6706957906081046,2,Elevated Stress
2009-06-26,-0.5957806508596811,-0.5273912922183941,2,Elevated Stress
2009-07-03,0.4114190661120411,0.12912633909644625,2,Elevated Stress
2009-07-10,0.7054224224212813,0.11089334336867615,2,Elevated Stress
2009-07-17,2.4464042501659273,-0.23482581317010337,2,Elevated Stress
2009-07-24,0.9873865569368916,-0.06181165697370629,2,Elevated Stress
2009-07-31,-0.6741262166601405,1.2609203150921713,1,Calm
2009-08-07,-0.9136084309672144,0.4436095759805382,1,Calm
2009-08-14,-0.8574850746327082,0.9151598449255356,1,Calm
2009-08-21,-0.13910336597383244,0.45264716559051354,1,Calm
2009-08-28,-0.33926878661046456,0.10305253388420856,1,Calm
2009-09-04,0.1971525154869286,1.166572200809689,1,Calm
2009-09-11,0.10615953671915494,1.6901026236693448,1,Calm
2009-09-18,-0.4582141315936711,1.5031300995310166,1,Calm
2009-09-25,-0.4522238585399974,1.1255865822921531,1,Calm
2009-10-02,0.029630797588462557,0.904660572692595,2,Elevated Stress
2009-10-09,1.0810382219424912,0.542168786610002,2,Elevated Stress
2009-10-16,0.2517112592862283,0.623377424024197,2,Elevated Stress
2009-10-23,-0.34320868164783697,0.6145228168037851,2,Elevated Stress
2009-10-30,1.005707123238689,0.16472571243113135,2,Elevated Stress
2009-11-06,1.004546022899793,-0.04175102823011982,2,Elevated Stress
2009-11-13,0.6790216041311573,0.596701605544336,2,Elevated Stress
2009-11-20,0.15314645012298184,1.3089884049441682,2,Elevated Stress
2009-11-27,-0.583913879914952,1.9933101598732819,1,Calm
2009-12-04,-0.5692233909709753,0.94997122260333,1,Calm
2009-12-11,-1.4356148496247958,-0.23460069497668962,1,Calm
2009-12-18,-1.2477445071843705,-0.8175243812772913,1,Calm
2009-12-25,-0.9447278475978516,-1.8230577986971983,0,Deep Calm
2010-01-01,-1.045491804410842,-1.379799584945637,0,Deep Calm
2010-01-08,-0.23255205870896473,0.008580617253345687,0,Deep Calm
2010-01-15,-0.6516686259299626,0.10037153511627511,0,Deep Calm
2010-01-22,1.3629991941778825,-0.1675058836155764,2,Elevated Stress
2010-01-29,0.5856961612553552,-0.06685824791988641,2,Elevated Stress
2010-02-05,0.21173823662888738,-1.2467772946689042,2,Elevated Stress
2010-02-12,0.48413597284335713,-1.3971150086806656,2,Elevated Stress
2010-02-19,0.17389441822368196,-0.22305370232147703,2,Elevated Stress
2010-02-26,-0.830369334749641,0.49501029487327824,1,Calm
2010-03-05,-0.19443663234518038,0.8396650461539029,1,Calm
2010-03-12,-1.0666092249320824,0.6498811656692465,1,Calm
2010-03-19,-0.8049438521485067,0.25942007438199904,1,Calm
2010-03-26,-1.0653364640909173,-0.4730801348550025,1,Calm
2010-04-02,-1.026600195466656,-0.38281840749739005,1,Calm
2010-04-09,-0.8286742680345502,0.5439229779362867,1,Calm
2010-04-16,-1.2271626175761123,0.23393999636509202,1,Calm
2010-04-23,-0.37845339829118024,0.9058640537258354,1,Calm
2010-04-30,0.18290887548066836,1.3939347640891262,2,Elevated Stress
2010-05-07,3.2611314756829115,0.9070548000930825,2,Elevated Stress
2010-05-14,1.7669896737106099,1.6908726883951042,2,Elevated Stress
2010-05-21,2.752653192101509,0.891162135600698,2,Elevated Stress
2010-05-28,1.204867421630786,0.6177907779926592,2,Elevated Stress
2010-06-04,0.7587318618019412,0.2715180121325703,2,Elevated Stress
2010-06-11,1.0424764466479242,0.04482177428412097,2,Elevated Stress
2010-06-18,-0.20212300351013612,1.0488877600954543,2,Elevated Stress
2010-06-25,0.7262681133748446,0.9023178512409963,2,Elevated Stress
2010-07-02,1.821927035583243,0.28287790709639904,2,Elevated Stress
2010-07-09,2.102185395430229,0.0738102943191108,2,Elevated Stress
2010-07-16,0.8190803318012861,-0.39834506119262686,2,Elevated Stress
2010-07-23,1.1281178056891876,-0.6077407502046145,2,Elevated Stress
2010-07-30,-0.8254854636943016,-0.05554542596606144,2,Elevated Stress
2010-08-06,-0.11702297419159916,0.04620270746457497,2,Elevated Stress
2010-08-13,1.0522618950622484,0.36889475990236936,2,Elevated Stress
2010-08-20,0.2773007186232699,1.2857158210855233,2,Elevated Stress
2010-08-27,0.24707469152241152,1.2401509139496896,2,Elevated Stress
2010-09-03,1.3686936642604635,0.8272092053893686,2,Elevated Stress
2010-09-10,-0.589003968629835,0.48717492345617114,1,Calm
2010-09-17,-0.793697382303855,0.009803365586782442,1,Calm
2010-09-24,-0.2539878739720731,0.5358130268266238,1,Calm
2010-10-01,-0.9762166919135601,1.1817098664492807,1,Calm
2010-10-08,-0.354848307565875,1.6173877398691658,1,Calm
2010-10-15,-0.7261134954225893,0.9672107727341344,1,Calm
2010-10-22,-1.2429098040079427,0.21386230964674485,1,Calm
2010-10-29,-1.549298997337588,-0.010687862209537838,1,Calm
2010-11-05,-0.16436242859895026,-0.41483202629763505,0,Deep Calm
2010-11-12,-0.10535619420693287,-0.8192886213371473,0,Deep Calm
2010-11-19,-0.7622711529134767,-0.5080866728374346,0,Deep Calm
2010-11-26,0.06268434971833091,-0.8133596032567897,0,Deep Calm
2010-12-03,0.8430492626578991,-0.7361738764446203,0,Deep Calm
2010-12-10,-0.30966391694508816,-0.3615428285939813,0,Deep Calm
2010-12-17,-0.6879491341131146,-0.43389222948098155,1,Calm
2010-12-24,-0.8010080064565801,-0.3880160233263102,1,Calm
2010-12-31,-1.2331980526793072,0.029352982087360865,1,Calm
2011-01-07,-1.010897036666672,-0.2395371974687606,1,Calm
2011-01-14,-0.9504445185531393,-0.26700617009107946,1,Calm
2011-01-21,-1.0618755418111492,-0.5882561249919847,1,Calm
2011-01-28,-1.1820280681613515,-1.296755072510374,1,Calm
2011-02-04,-0.21615371775277706,-0.9676252380391649,0,Deep Calm
2011-02-11,-0.5305527534592819,-0.47467255113426293,0,Deep Calm
2011-02-18,-0.7928636771845249,0.23542261270010717,1,Calm
2011-02-25,-0.16128294911396054,0.9105140058757561,1,Calm
2011-03-04,-0.6537986189012903,1.2436268445359306,1,Calm
2011-03-11,-0.21448799702547208,0.9041749129462022,1,Calm
2011-03-18,0.23443479685856836,0.7924578912118604,2,Elevated Stress
2011-03-25,0.6515718701089669,0.0012248730307634409,2,Elevated Stress
2011-04-01,0.21697697192362,0.026797807582439655,2,Elevated Stress
2011-04-08,-0.6019989179152799,0.3786810320439433,1,Calm
2011-04-15,-0.6062091515478106,0.6539380558653768,1,Calm
2011-04-22,-0.5484508912487578,0.9284520318210446,1,Calm
2011-04-29,-0.23742551163134157,1.8419037636951074,1,Calm
2011-05-06,0.1552047011451396,0.9127481992187235,1,Calm
2011-05-13,-0.652511468674522,0.5020093240862459,1,Calm
2011-05-20,-0.5730172538264838,0.5408950957756984,1,Calm
2011-05-27,-0.8825590362773859,0.07100321176513137,1,Calm
2011-06-03,0.11254043613938974,0.4779964702015888,0,Deep Calm
2011-06-10,0.2981013422113855,0.3310090435628861,0,Deep Calm
2011-06-17,-0.18729435206137057,0.055586760549501235,0,Deep Calm
2011-06-24,-0.4508645063427452,-0.6335634382599087,0,Deep Calm
2011-07-01,1.5149500253511234,-1.236897254160498,2,Elevated Stress
2011-07-08,-0.5923531994916308,-0.02289432906672756,2,Elevated Stress
2011-07-15,0.21614993372475533,0.5617008566032162,2,Elevated Stress
2011-07-22,0.27254193074063426,1.0373974275903677,2,Elevated Stress
2011-07-29,1.3657308566888893,1.9165778343413091,2,Elevated Stress
2011-08-05,3.785433725366099,1.3290594650166323,3,Crisis
2011-08-12,2.162533959852458,2.170215931321615,3,Crisis
2011-08-19,3.0869310939626637,3.6983283804309894,3,Crisis
2011-08-26,3.7308144983645963,2.655278027083645,3,Crisis
2011-09-02,0.881530739685411,3.4966737868106095,3,Crisis
2011-09-09,1.119439521033658,2.1227779663964257,2,Elevated Stress
2011-09-16,1.300984799448507,-0.23947823034686516,2,Elevated Stress
2011-09-23,2.9942924400526993,-0.23126786304157512,2,Elevated Stress
2011-09-30,1.26455444771435,-1.7358289217490355,2,Elevated Stress
2011-10-07,1.6459167393546643,-1.8853450154348266,2,Elevated Stress
2011-10-14,2.598334215619469,-1.1880747210255518,2,Elevated Stress
2011-10-21,-0.826819500425021,-0.8223245770551285,1,Calm
2011-10-28,-0.829679064273611,0.6024294791793573,1,Calm
2011-11-04,-0.01273242536051364,1.4372797037771323,1,Calm
2011-11-11,-0.18199649794262818,1.3658630047204545,1,Calm
2011-11-18,1.8352731797627873,1.2357900454368933,2,Elevated Stress
2011-11-25,2.611758286112787,-0.3973037247966198,2,Elevated Stress
2011-12-02,3.543696183184199,-0.36009355036372726,2,Elevated Stress
2011-12-09,1.01722760934623,-0.7132037426744058,2,Elevated Stress
2011-12-16,1.6552825888982596,-0.8099870699604942,2,Elevated Stress
2011-12-23,0.7559600791452024,-0.4210088252340335,2,Elevated Stress
2011-12-30,-0.28057881476007795,-1.1702123728080838,0,Deep Calm
2012-01-06,0.3704220825882112,-0.5599556165375821,0,Deep Calm
2012-01-13,-0.5174625979727117,0.34391819264162804,1,Calm
2012-01-20,-0.10179061631961925,0.3246443706912838,1,Calm
2012-01-27,-1.1577338878713719,1.4222808100693576,1,Calm
2012-02-03,-0.4881414565737777,0.7489084613631257,1,Calm
2012-02-10,-1.148619428377176,0.3541614432327153,1,Calm
2012-02-17,-0.5849533047485413,0.4748573560408149,1,Calm
2012-02-24,-1.0517528346198366,0.2799453403102724,1,Calm
2012-03-02,-1.1360860014002099,-0.015310560435951371,1,Calm
2012-03-09,-1.2516133789247876,-0.19665363418738435,1,Calm
2012-03-16,-0.7353105385880319,-1.3909555353572765,0,Deep Calm
2012-03-23,-1.196724720385636,-1.780166100207734,0,Deep Calm
2012-03-30,-1.0005192877641487,-1.2233784636396277,0,Deep Calm
2012-04-06,-0.7616555578456601,-1.4813977997559566,0,Deep Calm
2012-04-13,0.03360294572576458,0.5303532132682087,0,Deep Calm
2012-04-20,-0.5341886460389951,0.2529046471116607,0,Deep Calm
2012-04-27,0.003124228189347601,0.555981625743699,0,Deep Calm
2012-05-04,0.2817928125129497,0.8245323763937286,0,Deep Calm
2012-05-11,-0.449291085834312,-0.3685001220584596,0,Deep Calm
2012-05-18,1.7417980225797691,-0.09850297060679765,2,Elevated Stress
2012-05-25,0.8234484122464376,-0.5352506804066033,2,Elevated Stress
2012-06-01,1.8381807910113204,0.7089174029744424,2,Elevated Stress
2012-06-08,1.9792608685490714,0.43316284321660903,2,Elevated Stress
2012-06-15,-0.167003597693293,0.7449927569166643,1,Calm
2012-06-22,-0.559524492365599,0.40737837277075084,1,Calm
2012-06-29,-1.081656463603204,-0.41328277430590094,1,Calm
2012-07-06,-1.0763512559096817,0.2508940576036025,1,Calm
2012-07-13,-1.1207411014507003,0.11940232446665403,1,Calm
2012-07-20,-0.7761530612743929,0.7924978371079209,1,Calm
2012-07-27,-0.45404181158099366,0.6157604476161309,1,Calm
2012-08-03,-1.0753945673855982,0.24484194117114214,1,Calm
2012-08-10,-1.0414798415029132,-0.15659472889226392,1,Calm
2012-08-17,-1.3187779283520595,-0.7903350255784238,1,Calm
2012-08-24,-1.1552631562900348,-0.0353577999290554,1,Calm
2012-08-31,-1.0206128423395446,0.9343382893998312,1,Calm
2012-09-07,-0.23271815504500573,0.8167886665969997,1,Calm
2012-09-14,-0.5177401002316616,1.201830592838043,1,Calm
2012-09-21,-0.6877817769441651,0.5848099770652039,1,Calm
2012-09-28,-0.5780855299797159,0.2238799243528872,1,Calm
2012-10-05,-0.40895317781385876,-0.0772144703032518,1,Calm
2012-10-12,0.3923636133837471,0.290366862661566,0,Deep Calm
2012-10-19,-0.6968966602352252,-0.5351063436272158,0,Deep Calm
2012-10-26,-0.4395292323060428,-0.8551176160817243,0,Deep Calm
2012-11-02,-0.9259757693424638,-0.8745154524961503,0,Deep Calm
2012-11-09,0.19359650132901166,-0.3017054605639154,0,Deep Calm
2012-11-16,-0.02275510711594808,0.07661253426933101,0,Deep Calm
2012-11-23,1.0255830451963757,0.2508485865255091,2,Elevated Stress
2012-11-30,-0.08498861528455659,0.5480584780116687,2,Elevated Stress
2012-12-07,-0.8592711847853949,-0.4154877971202289,1,Calm
2012-12-14,-1.146796390261217,-0.33591779110363296,1,Calm
2012-12-21,-1.484302793390488,-1.0672187407875346,1,Calm
2012-12-28,-0.8255404586450055,-0.8347118083223112,1,Calm
2013-01-04,0.5946015338696485,-1.3023414858264901,0,Deep Calm
2013-01-11,-0.7013268385329919,-0.7368054075044703,0,Deep Calm
2013-01-18,-0.425940357440661,-0.002257319928721539,1,Calm
2013-01-25,-0.785638883620925,-0.5748964474264129,1,Calm
2013-02-01,-1.0758198999413806,-0.4933462033393723,1,Calm
2013-02-08,-1.0740968600043854,-0.5312113157926242,1,Calm
2013-02-15,-1.2434831531313066,-1.3842108504278128,1,Calm
2013-02-22,-1.2255349645815041,-1.0685710290656614,1,Calm
2013-03-01,-1.2470578716279757,-0.4708704556349338,1,Calm
2013-03-08,-0.6252329901018802,-1.2132294441755143,1,Calm
2013-03-15,-1.1159063140690058,-0.23463010713286822,1,Calm
2013-03-22,-0.9803437650830001,0.308764812131898,1,Calm
2013-03-29,-0.9627267962534737,0.0533005752544873,1,Calm
2013-04-05,-0.3423629759930583,0.9083310151316938,1,Calm
2013-04-12,0.06520872509203635,-0.3246587150483644,0,Deep Calm
2013-04-19,0.0866484454384342,-1.548823242049513,0,Deep Calm
2013-04-26,0.013694723959512163,-0.6797407867383874,0,Deep Calm
2013-05-03,-0.41014792165780606,-1.2729382765091226,0,Deep Calm
2013-05-10,-0.5562207336729856,-0.9037968744781567,0,Deep Calm
2013-05-17,-1.0052104773230928,-1.24979964125112,0,Deep Calm
2013-05-24,-0.8450785020939091,-1.8330496254135469,0,Deep Calm
2013-05-31,-0.40625938224014296,-2.218986556747941,0,Deep Calm
2013-06-07,-0.40495525306053337,-1.9973642521152237,0,Deep Calm
2013-06-14,-0.4952104578677779,-0.412925297095906,0,Deep Calm
2013-06-21,0.05861456532121343,-2.842637001621305,0,Deep Calm
2013-06-28,-0.3656876308705955,-2.6956661589092534,0,Deep Calm
2013-07-05,-0.3035282513514003,-3.239435126597398,0,Deep Calm
2013-07-12,-0.006890563135429947,-2.2233046823118787,0,Deep Calm
2013-07-19,-1.2780924461694267,0.518866969192226,1,Calm
2013-07-26,-1.2367139148893347,1.110260489941921,1,Calm
2013-08-02,-0.8284205178772464,1.3251346985604646,1,Calm
2013-08-09,-0.5720944996124387,0.08864470718930474,1,Calm
2013-08-16,0.04160861437792043,-0.4189734751714776,0,Deep Calm
2013-08-23,-0.6393658950115062,-0.0507315931183853,0,Deep Calm
2013-08-30,-0.17480083967278,0.7381140242355112,0,Deep Calm
2013-09-06,-0.20972349420267555,-0.03441320442743139,0,Deep Calm
2013-09-13,-0.22079279833619334,-0.6032432932514638,0,Deep Calm
2013-09-20,-0.6905588629683965,-0.6968484990495254,0,Deep Calm
2013-09-27,-0.9011969904638287,-0.5921112228863217,1,Calm
2013-10-04,-1.1024451555343793,-0.4247581295418488,1,Calm
2013-10-11,-0.993541442733253,-0.3166219025474887,1,Calm
2013-10-18,-0.12454878425859868,0.16811670782075333,1,Calm
2013-10-25,-0.8544676520420281,0.5736398796416001,1,Calm
2013-11-01,-1.1064096145071858,0.20976586590504498,1,Calm
2013-11-08,-1.0201418082039213,-0.05749201179301642,1,Calm
2013-11-15,-0.7833708585860492,-0.7711100041068345,1,Calm
2013-11-22,-1.3490189728963695,-2.0807116222830166,1,Calm
2013-11-29,-1.400025627517286,-1.0339147036138432,1,Calm
2013-12-06,-1.1776369523213734,-0.9628869488686315,1,Calm
2013-12-13,-0.6503439876813687,-0.998810095614557,0,Deep Calm
2013-12-20,-0.22360707333120944,-0.6123142355094607,0,Deep Calm
2013-12-27,-0.25521403441999846,-1.0734805778151002,0,Deep Calm
2014-01-03,-0.6637414733116869,0.03006542042361791,1,Calm
2014-01-10,-0.749390608310677,0.3166515266002334,1,Calm
2014-01-17,-0.8692657740279863,0.8827446772606614,1,Calm
2014-01-24,0.35366059649477355,1.4375472428440577,1,Calm
2014-01-31,-0.37610970212450306,0.8842149371822869,1,Calm
2014-02-07,-0.34771616789823945,0.4090632562152727,1,Calm
2014-02-14,0.34760736133128484,0.83159137549325,1,Calm
2014-02-21,-1.0462408259211047,0.6324394885751903,1,Calm
2014-02-28,-0.6930337263220617,1.1074026574864515,1,Calm
2014-03-07,-0.7141651549711713,0.7371908763102561,1,Calm
2014-03-14,-0.00070220757287998,0.8817794795474484,1,Calm
2014-03-21,-0.42730028594669345,0.24727260994891803,1,Calm
2014-03-28,-0.7742916891817792,-0.38189141758190026,1,Calm
2014-04-04,-0.7055137355524258,-0.09171687104414931,1,Calm
2014-04-11,0.14111947203345585,-0.5830454581020772,0,Deep Calm
2014-04-18,0.3847613295349587,-0.35586254191427086,0,Deep Calm
2014-04-25,-0.4341337782660728,0.3078311544459581,1,Calm
2014-05-02,0.02489248125601043,0.40096746404683875,1,Calm
2014-05-09,-0.9666853776786875,-0.3076980472646874,1,Calm
2014-05-16,-1.097461347869642,0.4630105234672372,1,Calm
2014-05-23,-0.7563297316410035,0.03321783851574762,1,Calm
2014-05-30,-0.8454583259417547,-0.386882104412895,1,Calm
2014-06-06,-0.7571320462437628,-0.5152699539611202,1,Calm
2014-06-13,-0.9576718095470169,-0.4269662710946139,1,Calm
2014-06-20,-0.8360479749399746,0.11750255804231326,1,Calm
2014-06-27,-0.9292670959492487,0.6462519779550154,1,Calm
2014-07-04,-0.6341383855919384,0.6138508277318674,1,Calm
2014-07-11,-0.5778548676724455,0.8110622453733503,1,Calm
2014-07-18,-0.5562408549601413,0.10670174380473423,1,Calm
2014-07-25,-0.7925976088600415,0.040774341098364135,1,Calm
2014-08-01,0.5735465301094397,-0.2581612226617851,0,Deep Calm
2014-08-08,-0.4355328396361367,-0.29641077929562815,0,Deep Calm
2014-08-15,-0.19619648097607936,0.25839638204814847,0,Deep Calm
2014-08-22,-0.009591758981956806,-0.23538872738395236,0,Deep Calm
2014-08-29,-1.0049948914826006,0.7130248082499104,1,Calm
2014-09-05,-1.1194267309085832,-0.6081540510536803,1,Calm
2014-09-12,-0.7560756065552777,-1.7547321062249617,0,Deep Calm
2014-09-19,-0.9078465523307063,-1.3526610617313253,0,Deep Calm
2014-09-26,-0.6284453478127707,-1.6839967207939466,0,Deep Calm
2014-10-03,-0.6978863895225681,-0.9320975758068386,0,Deep Calm
2014-10-10,0.8585720724554339,0.394344107359119,2,Elevated Stress
2014-10-17,-0.07737387705542996,0.8761896472135988,2,Elevated Stress
2014-10-24,1.262753937330926,0.5697449698296602,2,Elevated Stress
2014-10-31,0.7924041924207929,-0.20347410126144638,2,Elevated Stress
2014-11-07,-0.5186170708870873,-0.6696825724051603,0,Deep Calm
2014-11-14,-0.6793059951163433,-0.9383231182573163,0,Deep Calm
2014-11-21,-0.5047723416864308,-0.5590379652742271,0,Deep Calm
2014-11-28,-0.8170402292580974,0.13215028110031893,1,Calm
2014-12-05,-0.7442295713730354,0.0954013644843768,1,Calm
2014-12-12,1.52800009835534,0.6201220349427747,2,Elevated Stress
2014-12-19,1.0172839313442574,0.3297166478633729,2,Elevated Stress
2014-12-26,0.41769935163424216,0.37777996097171024,2,Elevated Stress
2015-01-02,0.5155534520101779,0.619669396821287,2,Elevated Stress
2015-01-09,-0.6690769038077671,0.8090043519293655,2,Elevated Stress
2015-01-16,0.08626933112564816,1.7635821461520766,2,Elevated Stress
2015-01-23,0.30614434166510857,2.4127737603872514,2,Elevated Stress
2015-01-30,0.7843144149770312,2.4042203367063606,2,Elevated Stress
2015-02-06,0.6029754131267682,0.036737497812532195,2,Elevated Stress
2015-02-13,-0.21917031162487907,-1.162715096482257,0,Deep Calm
2015-02-20,-0.8818112052649438,-2.109029204732547,0,Deep Calm
2015-02-27,-1.4555022691630795,-1.8619927952463022,0,Deep Calm
2015-03-06,-0.7034744505189175,-1.9955195376680264,0,Deep Calm
2015-03-13,-0.8073339099071075,-1.3328003740745502,0,Deep Calm
2015-03-20,0.331761896609291,0.14636074279447966,0,Deep Calm
2015-03-27,0.17320348040108588,-0.23015411935043364,0,Deep Calm
2015-04-03,-0.21744919443346514,1.27444456002029,1,Calm
2015-04-10,-0.06906616055368493,1.0599042935451652,1,Calm
2015-04-17,-0.5373129099538398,0.2263759728911744,1,Calm
2015-04-24,-0.5361982382382147,-0.5574514877172959,1,Calm
2015-05-01,-1.094339540333096,-1.1778450391726372,1,Calm
2015-05-08,-1.1346252695115606,-1.2589783915717088,1,Calm
2015-05-15,-1.3597529086822957,-1.024395435426779,1,Calm
2015-05-22,-1.475098077946872,-0.8439556831926278,1,Calm
2015-05-29,-0.9454239412208373,-0.08864897197416749,1,Calm
2015-06-05,-0.9334457691579299,-1.210836732763232,1,Calm
2015-06-12,-1.1471951340750262,-1.315715200380109,1,Calm
2015-06-19,-0.9558101547793507,-0.42693363389655037,1,Calm
2015-06-26,-1.3571586485984888,-1.4556027032573242,1,Calm
2015-07-03,-0.7222316957078632,-0.4555045710063213,1,Calm
2015-07-10,-1.1716036473275426,-0.6084572275814584,1,Calm
2015-07-17,0.024951786053428942,-1.2226760474353062,0,Deep Calm
2015-07-24,0.52753657019783,-0.5816479953495017,0,Deep Calm
2015-07-31,0.08186728524820251,-0.34413006349109165,0,Deep Calm
2015-08-07,0.47374855584578673,-0.3613038300199312,0,Deep Calm
2015-08-14,0.002079797801698117,0.05176423301673461,0,Deep Calm
2015-08-21,2.2578127154671366,0.9889191919851286,2,Elevated Stress
2015-08-28,0.26526888322169795,0.2443048344973027,2,Elevated Stress
2015-09-04,1.015698643155161,-0.07516184425116207,2,Elevated Stress
2015-09-11,0.5518131391087998,-0.5889811279146457,2,Elevated Stress
2015-09-18,-0.5726008537388204,-0.8771771200637891,0,Deep Calm
2015-09-25,0.05495180676119752,-0.33747181184836395,0,Deep Calm
2015-10-02,0.16839231978154534,-0.07451506490677964,0,Deep Calm
2015-10-09,0.7332602374503261,0.4645750806525087,0,Deep Calm
2015-10-16,-0.2381605381210728,0.5418476999933461,1,Calm
2015-10-23,-0.4718166791384597,0.5493582929186231,1,Calm
2015-10-30,-1.4085101571177303,0.13728965509165358,1,Calm
2015-11-06,-0.8961740915207149,-1.6501522064430036,0,Deep Calm
2015-11-13,0.7709037134503787,-2.3393145664100183,2,Elevated Stress
2015-11-20,1.0411644033645087,-2.165113456938007,2,Elevated Stress
2015-11-27,-0.09244751620136261,-1.8390649031974906,2,Elevated Stress
2015-12-04,0.05243176118726507,-0.13821883293004705,2,Elevated Stress
2015-12-11,1.698026631861887,-0.20045799012427243,2,Elevated Stress
2015-12-18,0.22493285119095768,-0.32222960811520174,2,Elevated Stress
2015-12-25,1.37377768306605,-0.14626666261872315,2,Elevated Stress
2016-01-01,0.2502251435752691,-0.6967684701708945,2,Elevated Stress
2016-01-08,2.0726536617207056,0.037858597033959794,2,Elevated Stress
2016-01-15,1.2093776024798255,0.2506704541379212,2,Elevated Stress
2016-01-22,0.7161091463330059,0.39935718687462884,2,Elevated Stress
2016-01-29,1.1942096890974796,1.2909826339755104,2,Elevated Stress
2016-02-05,1.2737836764325854,1.1104108598560478,2,Elevated Stress
2016-02-12,0.32640992417559767,2.5256743705998734,2,Elevated Stress
2016-02-19,1.2063876150584198,2.1907839163336313,2,Elevated Stress
2016-02-26,0.42229815248976854,1.7084730203888179,2,Elevated Stress
2016-03-04,-0.31035112425936784,1.423131054336554,1,Calm
2016-03-11,-1.7722788775779106,0.25419282508655094,1,Calm
2016-03-18,-1.6658908661118568,0.6010862632163478,1,Calm
2016-03-25,-1.3309207065225868,0.007071332046327921,1,Calm
2016-04-01,-0.5057024822463351,-0.28463014002696063,1,Calm
2016-04-08,-0.22016018914013855,0.2478603055004015,1,Calm
2016-04-15,-0.22441238686648265,-0.026042981040820406,1,Calm
2016-04-22,-1.0456047568220734,0.23514117050395794,1,Calm
2016-04-29,-0.8052637237867373,0.9467248086087946,1,Calm
2016-05-06,-0.9660862621901257,0.4257521565785237,1,Calm
2016-05-13,-0.9449944725752344,0.5326656552455954,1,Calm
2016-05-20,-0.8922907497560271,0.3782605555813305,1,Calm
2016-05-27,-0.19443144465949994,-1.172650060387781,0,Deep Calm
2016-06-03,-1.0200075434314653,-0.16316394729000705,1,Calm
2016-06-10,-0.9994446065848142,0.38300126821214275,1,Calm
2016-06-17,0.09768697789170812,1.086995266662067,2,Elevated Stress
2016-06-24,-0.26716950876333834,1.935762073940527,2,Elevated Stress
2016-07-01,0.8579740572948458,2.004737423899888,2,Elevated Stress
2016-07-08,0.1290516679669187,2.1997751652622637,2,Elevated Stress
2016-07-15,-0.43591480296123664,0.8889160909664794,1,Calm
2016-07-22,-1.0662781274943656,0.6843839036821989,1,Calm
2016-07-29,-1.2220689983453763,0.2558604990156036,1,Calm
2016-08-05,-1.2163990948244447,-1.1312664028503483,1,Calm
2016-08-12,-1.2723975475404676,0.2907916113882729,1,Calm
2016-08-19,-1.3607089461142865,0.1963315899438805,1,Calm
2016-08-26,-1.3980912410609319,-0.6617689045192978,1,Calm
2016-09-02,-1.2682116766939193,0.03436068573828474,1,Calm
2016-09-09,-0.26353899503940265,-0.8264814052459322,0,Deep Calm
2016-09-16,-1.0292579895332497,-0.9836270120413607,0,Deep Calm
2016-09-23,-0.23812538237487363,-0.09576966774495722,0,Deep Calm
2016-09-30,-0.8309717231249766,-0.2891931341402725,0,Deep Calm
2016-10-07,-1.1529275019763052,-1.068134960611407,0,Deep Calm
2016-10-14,-1.0112286267507784,-1.083067854656914,0,Deep Calm
2016-10-21,-1.3740468028005988,-1.2654132369070548,0,Deep Calm
2016-10-28,-1.1821757731967486,-1.530062607525504,0,Deep Calm
2016-11-04,-0.1270410981651883,-0.03965024531629612,0,Deep Calm
2016-11-11,0.8664784125356731,-2.0538306365760732,0,Deep Calm
2016-11-18,-0.3752714683621169,-2.6950320240472756,0,Deep Calm
2016-11-25,-0.5281555636062951,-2.5596026919779726,0,Deep Calm
2016-12-02,-1.184316337324,-3.167083371799493,0,Deep Calm
2016-12-09,-0.507880461767126,-1.348009436956741,0,Deep Calm
2016-12-16,-0.9766277249594383,-1.4336699875211292,0,Deep Calm
2016-12-23,-0.7439117018807119,-1.0496583054172104,0,Deep Calm
2016-12-30,-0.6298990789713949,-0.32375289632975396,1,Calm
2017-01-06,-0.2771998365858584,0.5976209019845466,1,Calm
2017-01-13,-0.8289178102370863,1.5135914515512776,1,Calm
2017-01-20,-0.8217258809091808,1.2666383171607087,1,Calm
2017-01-27,-0.7794454081267792,0.572890659410188,1,Calm
2017-02-03,-1.1870823924322014,0.26004629503909316,1,Calm
2017-02-10,-0.8863944415196133,0.3325006354673579,1,Calm
2017-02-17,-0.6967267945311717,0.3684625578748073,1,Calm
2017-02-24,-0.8463741802514215,1.1562599046543895,1,Calm
2017-03-03,-1.0574530466990522,0.22268777696991313,1,Calm
2017-03-10,-1.0504193811688058,-1.0709411694315933,1,Calm
2017-03-17,-1.089694599587343,-0.45278713131313064,1,Calm
2017-03-24,-0.7028194315885541,-0.5054048275141622,1,Calm
2017-03-31,-0.752887520544254,0.23445040361840053,1,Calm
2017-04-07,-0.9458658840853965,1.0871074276791313,1,Calm
2017-04-14,-0.393517391679843,1.293467617339093,1,Calm
2017-04-21,-0.6752508662131749,0.7944282881166596,1,Calm
2017-04-28,-0.3933906884402235,0.4066211511988076,1,Calm
2017-05-05,-0.7724854977872267,-0.31364462534217646,1,Calm
2017-05-12,-1.3144194560041913,-1.0156174388723802,1,Calm
2017-05-19,-1.100744172412018,-0.35914311323058273,1,Calm
2017-05-26,-0.6177093044296996,0.0612540668472071,1,Calm
2017-06-02,-0.5990946507830819,1.18487167895032,1,Calm
2017-06-09,-0.8164768275652541,0.849802122201301,1,Calm
2017-06-16,-0.8271785276425339,0.24310571354706248,1,Calm
2017-06-23,-0.6679314778506346,0.26236212176411405,1,Calm
2017-06-30,-1.0557537884032355,-0.6384513616842348,1,Calm
2017-07-07,-1.1607839577163688,-1.141675712730583,1,Calm
2017-07-14,-0.8370603119371621,-0.7894637024531892,1,Calm
2017-07-21,-1.0888064178431711,-0.2906379574719919,1,Calm
2017-07-28,-1.2624220310748209,0.21121011890723462,1,Calm
2017-08-04,-1.0714681089426348,0.91620611721369,1,Calm
2017-08-11,-0.23609912308314202,0.9492220294743199,1,Calm
2017-08-18,-0.6803343022681421,0.2904442562178961,1,Calm
2017-08-25,-0.5097577899432088,0.5257777866334757,1,Calm
2017-09-01,-0.2871685286674808,0.9240533618109064,1,Calm
2017-09-08,-0.7548805883731491,0.9459495097545025,1,Calm
2017-09-15,-0.8209158388256076,0.46159827839384066,1,Calm
2017-09-22,-0.9701912021897765,-0.1254960086683477,1,Calm
2017-09-29,-1.1198190557302836,-0.8541932924559187,1,Calm
2017-10-06,-1.259569934495294,-1.652776840549315,1,Calm
2017-10-13,-1.2286536765627523,-0.4149098136275304,1,Calm
2017-10-20,-1.1239353151818927,-0.5420445172634251,1,Calm
2017-10-27,-1.178852562892038,-0.3797252800959474,1,Calm
2017-11-03,-1.044188932966858,0.08877625417214668,1,Calm
2017-11-10,-1.1462506666973773,-0.774559347839919,1,Calm
2017-11-17,-0.9884296203451307,0.26770705494476005,1,Calm
2017-11-24,-0.6071528286732583,0.47211468663840483,1,Calm
2017-12-01,-0.4064611780896141,0.048265889029981315,1,Calm
2017-12-08,-0.948139063734566,-0.0735828793008928,1,Calm
2017-12-15,-0.9848159193578694,-0.34649070798397014,1,Calm
2017-12-22,-0.8771118892652638,-0.6210789015825198,1,Calm
2017-12-29,-1.1320522285866959,0.3152548876978816,1,Calm
2018-01-05,-0.17124579970734263,0.6994161702994937,1,Calm
2018-01-12,-0.5386373016670812,0.4559731257429547,1,Calm
2018-01-19,-0.7542179425946554,0.45350963457623084,1,Calm
2018-01-26,-0.5266907528109677,-0.008212887512243064,1,Calm
2018-02-02,1.0120857640748648,-1.1696873914964532,2,Elevated Stress
2018-02-09,1.7394743838870885,-1.735961654502199,2,Elevated Stress
2018-02-16,1.8612183584081963,-0.7878952035544118,2,Elevated Stress
2018-02-23,0.38484284393220025,-1.2621281656270082,2,Elevated Stress
2018-03-02,0.8453189060694919,-0.546428052077936,2,Elevated Stress
2018-03-09,0.8232602237274341,-0.00926444276625126,2,Elevated Stress
2018-03-16,0.285435725934914,-0.5246426313729396,2,Elevated Stress
2018-03-23,2.2807730225365246,-0.04491008473685733,2,Elevated Stress
2018-03-30,1.0407914695864502,0.29939133309291655,2,Elevated Stress
2018-04-06,0.5523911587309916,0.20002720703943153,2,Elevated Stress
2018-04-13,0.7052612005305963,0.36765288725301526,2,Elevated Stress
2018-04-20,-0.8555616616105628,-0.33059743732125757,1,Calm
2018-04-27,-1.0332943075717236,-0.4963146303916491,1,Calm
2018-05-04,-1.0923106876327593,-0.5723241705942538,1,Calm
2018-05-11,-0.0730528494219521,-0.7591048476370417,0,Deep Calm
2018-05-18,-0.7119303305423187,-0.8618550353033195,0,Deep Calm
2018-05-25,-0.7278708201456067,-0.3048819598841886,1,Calm
2018-06-01,-0.6442837466561537,-0.2097908769026005,1,Calm
2018-06-08,-0.48526100065234556,-0.34025114096551745,1,Calm
2018-06-15,-0.9187038057064987,0.29331797854454983,1,Calm
2018-06-22,-0.9383588337296124,-0.29459204316215065,1,Calm
2018-06-29,-0.46695389706562573,-0.4489873756101464,0,Deep Calm
2018-07-06,-0.2404008708741823,-0.3720995443929585,0,Deep Calm
2018-07-13,-0.21361188696184447,-0.3828807940111844,0,Deep Calm
2018-07-20,-0.8825127430277605,-0.5861040470285351,1,Calm
2018-07-27,-1.196822067985063,-0.6592755061083304,1,Calm
2018-08-03,-1.2367305509903659,-1.0056049859972767,1,Calm
2018-08-10,-1.3696201478672367,-0.6949802556040201,1,Calm
2018-08-17,-1.1329050880067821,-0.6155004911910912,1,Calm
2018-08-24,-0.8927668380246363,0.11082782082243185,1,Calm
2018-08-31,-0.8757173657451444,-0.0011778507883924503,1,Calm
2018-09-07,-0.7745106218226864,-0.6003953394550564,1,Calm
2018-09-14,-0.8019217513102961,-0.2634322805386129,1,Calm
2018-09-21,-1.16753302993963,-0.8733927441939219,1,Calm
2018-09-28,-1.2861031601458044,-0.6556299957828253,1,Calm
2018-10-05,-0.972474330831723,-0.8856166513640081,1,Calm
2018-10-12,0.7898631022508414,-0.604678745087168,2,Elevated Stress
2018-10-19,-0.5482556942948973,-0.3553709023510915,2,Elevated Stress
2018-10-26,1.0340987391088974,-0.2350213976224452,2,Elevated Stress
2018-11-02,0.8218531231104952,-0.07119846662898913,2,Elevated Stress
2018-11-09,0.5176056515330285,-0.5235471140337222,2,Elevated Stress
2018-11-16,0.5647735362825541,-0.2622573862287028,2,Elevated Stress
2018-11-23,1.291529948678141,-0.5312023877361276,2,Elevated Stress
2018-11-30,1.919184204715384,-0.051478601696061416,2,Elevated Stress
2018-12-07,2.2872984184782665,0.6337818573303826,2,Elevated Stress
2018-12-14,0.8290451885537489,0.5266177246629195,2,Elevated Stress
2018-12-21,3.9237095458518523,0.43063192066787825,3,Crisis
2018-12-28,2.340279066781789,1.0235874818700224,3,Crisis
2019-01-04,1.3639283206742234,0.7606601925992467,2,Elevated Stress
2019-01-11,1.5403216457126039,0.8178169445271133,2,Elevated Stress
2019-01-18,-0.8683179585004208,0.5403721573222164,1,Calm
2019-01-25,-1.2669735162256717,0.4254168621271764,1,Calm
2019-02-01,-0.6440629661450661,0.32056814900184605,1,Calm
2019-02-08,-0.84736498048805,0.5276787670189589,1,Calm
2019-02-15,-0.011141348406064068,0.7557442573357779,1,Calm
2019-02-22,-0.8831746774306679,0.5271100923907013,1,Calm
2019-03-01,-1.1282552148483096,-0.602554344058645,1,Calm
2019-03-08,-0.04535946572932123,-0.3885477269916334,0,Deep Calm
2019-03-15,0.08418092633857728,-0.38048505621634027,0,Deep Calm
2019-03-22,-0.468179911903739,0.17416813030692338,1,Calm
2019-03-29,0.0007542324689193283,0.9999997363109894,1,Calm
2019-04-05,-0.23973123717639946,0.14280394107414165,1,Calm
2019-04-12,-0.9725913830436275,0.03121611951171884,1,Calm
2019-04-19,-1.3021319166545602,-0.6829427258804401,1,Calm
2019-04-26,-0.8600742642202938,-0.461341175728458,1,Calm
2019-05-03,-1.1980067952091331,-0.2719554925947784,1,Calm
2019-05-10,-0.002922022782743538,-0.024780737324284614,1,Calm
2019-05-17,-0.35530628176909834,0.2309427611030843,1,Calm
2019-05-24,-0.30835561443897824,0.22178346658507275,1,Calm
2019-05-31,0.4982888558673063,1.0043791599493157,2,Elevated Stress
2019-06-07,1.784669577641405,1.1713749403259646,2,Elevated Stress
2019-06-14,0.24017971563037466,1.3532343474004442,2,Elevated Stress
2019-06-21,0.3378145808902096,1.8471373612205195,2,Elevated Stress
2019-06-28,-0.7879981894754344,1.5396253510075026,1,Calm
2019-07-05,-0.4949930356293672,0.754214313283937,1,Calm
2019-07-12,-0.924988464025136,0.7025315548822824,1,Calm
2019-07-19,-0.383651025445518,0.12452861075119613,1,Calm
2019-07-26,-0.3832539118542368,-0.24410174579272356,1,Calm
2019-08-02,0.7796667174619535,0.6625807944241668,2,Elevated Stress
2019-08-09,0.09219890374900104,1.883164010913646,2,Elevated Stress
2019-08-16,0.4650369870834538,2.4498474324209005,2,Elevated Stress
2019-08-23,0.3649013832114152,2.6973188777347588,2,Elevated Stress
2019-08-30,0.6413244465697967,2.029390487400603,2,Elevated Stress
2019-09-06,0.18788113737791806,0.5901793845860637,2,Elevated Stress
2019-09-13,-0.9666636088177889,-1.334493896973349,1,Calm
2019-09-20,-0.7996963177790852,-0.5450768396624559,1,Calm
2019-09-27,-0.9167165938078042,-0.8602541111397294,1,Calm
2019-10-04,-0.8378767388311193,-0.10211158277823573,1,Calm
2019-10-11,-0.6962431813609494,0.31665525555116364,1,Calm
2019-10-18,-1.0477299296242666,-0.6611414988030202,1,Calm
2019-10-25,-0.9580022137235098,-0.4437059577936548,1,Calm
2019-11-01,-0.9990180258071475,-0.5846111520871667,1,Calm
2019-11-08,-1.2242694499567839,-1.001147950448947,1,Calm
2019-11-15,-1.0669846230044517,-0.5512555509945936,1,Calm
2019-11-22,-0.9137691284919827,-0.4528094844406519,1,Calm
2019-11-29,-0.8762654971362459,-0.6188078638486928,1,Calm
2019-12-06,-0.924664011169679,0.28792643561698306,1,Calm
2019-12-13,-0.9490181348637827,0.22281729598948202,1,Calm
2019-12-20,-1.1547262856617566,-0.14787573646786126,1,Calm
2019-12-27,-1.109360448211964,0.230367369801965,1,Calm
2020-01-03,-1.2378858837715714,1.159602930282608,1,Calm
2020-01-10,-0.8740367434537049,0.7933433073974072,1,Calm
2020-01-17,-0.38168848351591367,0.874393237362226,1,Calm
2020-01-24,-0.2542282890514038,0.9512209481123377,1,Calm
2020-01-31,0.5008800999663953,0.8112114112569453,2,Elevated Stress
2020-02-07,1.0360208974501413,0.4306190792849583,2,Elevated Stress
2020-02-14,0.3861815868284696,0.8384698700717605,2,Elevated Stress
2020-02-21,0.19399490199531524,1.295550956006675,2,Elevated Stress
2020-02-28,5.4995079418270665,0.1740598524536932,3,Crisis
2020-03-06,2.4008631873228072,2.8540810659671054,3,Crisis
2020-03-13,5.6894088805268765,-0.9163364973097049,3,Crisis
2020-03-20,9.529196010806503,-3.2274257455183797,3,Crisis
2020-03-27,8.781224732722439,0.2102367359056955,3,Crisis
2020-04-03,5.438863561403099,-1.8414118749720487,3,Crisis
2020-04-10,7.651823725344277,2.6389076491669465,3,Crisis
2020-04-17,0.6551931573778084,4.259636798674622,3,Crisis
2020-04-24,1.4157680567752384,1.3912148722594146,2,Elevated Stress
2020-05-01,0.01964566481070858,1.2942827518178048,2,Elevated Stress
2020-05-08,1.012645910416895,-0.4988486875923281,2,Elevated Stress
2020-05-15,0.6299096227942641,-0.039831218456162776,2,Elevated Stress
2020-05-22,0.046041365514102824,-0.27046268411531266,2,Elevated Stress
2020-05-29,-0.0986945559807639,0.1709980721136079,2,Elevated Stress
2020-06-05,0.43117242896782215,-0.7465577936397404,2,Elevated Stress
2020-06-12,1.1069213360926702,-0.34089436403480566,2,Elevated Stress
2020-06-19,0.34337375502795414,-0.17510435100209343,2,Elevated Stress
2020-06-26,1.310686859803625,0.18527903733021978,2,Elevated Stress
2020-07-03,2.219485524790743,1.0611004916083724,2,Elevated Stress
2020-07-10,0.395423647009503,0.8490191340125269,2,Elevated Stress
2020-07-17,0.16711334306451253,0.9206450595132863,2,Elevated Stress
2020-07-24,-0.875580241816924,1.8623245891890774,2,Elevated Stress
2020-07-31,-0.5243411057115346,2.6575459022841628,2,Elevated Stress
2020-08-07,-0.17870797484573858,2.3787952416794074,2,Elevated Stress
2020-08-14,-0.8193316334125732,0.7945009876437155,1,Calm
2020-08-21,-0.9324725717481877,-0.08977404701902432,1,Calm
2020-08-28,-0.12241886207897089,-1.221996306108958,0,Deep Calm
2020-09-04,0.023566467768330993,-1.701134698507054,0,Deep Calm
2020-09-11,0.48860507072748977,-0.038604600378040095,0,Deep Calm
2020-09-18,-0.04351932924012867,-0.35619541239139907,0,Deep Calm
2020-09-25,-0.5325543465301493,-0.8019138913913332,0,Deep Calm
2020-10-02,-0.15793960911371088,-0.4909667198286844,0,Deep Calm
2020-10-09,0.5038463844089223,-0.7075337272436607,0,Deep Calm
2020-10-16,-0.8332599994013283,-0.6857495593484186,1,Calm
2020-10-23,-1.0494978260655934,-0.23460108289991743,1,Calm
2020-10-30,1.7688743672347829,-1.0461108522167464,2,Elevated Stress
2020-11-06,3.0939255533858394,-0.3191801293097385,2,Elevated Stress
2020-11-13,1.172470879795806,-0.5554703474015961,2,Elevated Stress
2020-11-20,0.8720126055310369,0.024441374796123128,2,Elevated Stress
2020-11-27,0.30744241978968223,-0.38625895180511893,2,Elevated Stress
2020-12-04,-0.7641404425225262,-1.317012065462713,1,Calm
2020-12-11,-0.6320643965341476,-0.320815000300481,1,Calm
2020-12-18,-0.8868414332429704,-0.44596391352484294,1,Calm
2020-12-25,-1.0303563625557015,0.5501983496514683,1,Calm
2021-01-01,-0.5499376169705582,0.7863233637209646,1,Calm
2021-01-08,-0.8526727539834152,-0.7243125950260226,1,Calm
2021-01-15,-0.6241043369992509,-1.028332093649265,0,Deep Calm
2021-01-22,-0.35188462314796015,-0.9524805208843141,0,Deep Calm
2021-01-29,0.5718120596732028,-1.4231513853978153,2,Elevated Stress
2021-02-05,1.4696841102316514,-1.01728221394694,2,Elevated Stress
2021-02-12,0.03556027877908338,-0.6387807381225238,0,Deep Calm
2021-02-19,-0.2996552994864486,-1.692700364762602,0,Deep Calm
2021-02-26,0.25955207452210854,-2.241078986313365,0,Deep Calm
2021-03-05,-0.8027684431064713,-2.2557131348424546,0,Deep Calm
2021-03-12,0.025129682756525,-2.453648826167966,0,Deep Calm
2021-03-19,-0.3126096704352472,-1.6414272470630398,0,Deep Calm
2021-03-26,-0.40915639916151697,-0.7912134940060156,0,Deep Calm
2021-04-02,-0.4568112273819421,0.03194033438701227,0,Deep Calm
2021-04-09,0.14402572391237373,0.2292251237028904,0,Deep Calm
2021-04-16,-0.6200825738609403,0.8350014996476308,1,Calm
2021-04-23,-0.7955724139632557,0.7433512178293535,1,Calm
2021-04-30,-0.8270233000638358,0.42765462049157094,1,Calm
2021-05-07,-0.5532969542231826,0.8296438105654578,1,Calm
2021-05-14,-0.5866745352972171,0.20841481040651477,1,Calm
2021-05-21,-0.8481974182365852,0.5008954294717077,1,Calm
2021-05-28,-0.3597016571436901,0.9978325729112927,1,Calm
2021-06-04,-0.6774674043490438,0.4654953379472717,1,Calm
2021-06-11,-0.8190928772588065,0.8225680347962283,1,Calm
2021-06-18,0.1342954519737005,-0.2461864875708017,0,Deep Calm
2021-06-25,0.4627982029899221,-0.783235417523419,0,Deep Calm
2021-07-02,0.06130489783098042,-0.38365326560178964,0,Deep Calm
2021-07-09,-0.31799457976286183,-0.19094784384086635,0,Deep Calm
2021-07-16,-0.28876815111197074,0.5855804444891822,1,Calm
2021-07-23,0.07821480092017653,0.7251823417614847,1,Calm
2021-07-30,-0.5665620252820832,0.580194839658325,1,Calm
2021-08-06,-0.45392997266760254,-0.5562043428904996,1,Calm
2021-08-13,-0.7580699369352772,-0.39087656205806975,1,Calm
2021-08-20,-0.7564356242857476,-0.1422828370067312,1,Calm
2021-08-27,-0.5451288172362091,-0.09432960796321223,1,Calm
2021-09-03,-0.8683299135670081,0.6132513515898088,1,Calm
2021-09-10,-0.33409457263799414,-0.05452768160308229,1,Calm
2021-09-17,-0.7148367067001475,-0.4734561981617832,1,Calm
2021-09-24,-0.7820066676395447,-1.0614760149126814,0,Deep Calm
2021-10-01,-0.22456315902721694,-1.1607537165293584,0,Deep Calm
2021-10-08,-0.6838154148240969,-1.2448599434208316,0,Deep Calm
2021-10-15,-0.14173358634828448,-0.5505947379897418,0,Deep Calm
2021-10-22,-0.0437948625226262,-0.15901410460483165,0,Deep Calm
2021-10-29,-0.5887886555685363,0.27418719675335723,1,Calm
2021-11-05,-0.3215085080645321,1.2325001893545315,1,Calm
2021-11-12,-0.6897594306303405,0.9666332579072004,1,Calm
2021-11-19,-0.6313602375466647,0.7789079279609709,1,Calm
2021-11-26,0.3148259319445021,-0.021093609821157794,0,Deep Calm
2021-12-03,-0.1805713827449679,-0.07812250979952667,0,Deep Calm
2021-12-10,0.9384367008814769,-0.8368984588829388,0,Deep Calm
2021-12-17,0.5895785717141897,-0.4046278058902705,0,Deep Calm
2021-12-24,0.31684865530788286,0.029661605083849265,0,Deep Calm
2021-12-31,-0.4427304019810404,-0.21122322511478564,0,Deep Calm
2022-01-07,0.005747268784171242,-0.865344014718307,0,Deep Calm
2022-01-14,-0.8553961672080211,-0.9046594818116331,0,Deep Calm
2022-01-21,1.8042717114803137,-0.9062022934640458,2,Elevated Stress
2022-01-28,0.17275692065812462,-1.392493309794562,2,Elevated Stress
2022-02-04,0.6312128665132233,-0.7550096596960959,2,Elevated Stress
2022-02-11,0.9037182230897114,-0.6542089578040469,2,Elevated Stress
2022-02-18,-0.06151929789663116,-0.4993600801993007,2,Elevated Stress
2022-02-25,-0.5097185890272831,-0.07631239216902998,2,Elevated Stress
2022-03-04,-0.13957123424078308,1.2124070310102344,2,Elevated Stress
2022-03-11,0.3524691837193358,0.23085508766611687,2,Elevated Stress
2022-03-18,1.9045126748200019,-0.7163364367036564,2,Elevated Stress
2022-03-25,0.8592402217409402,-0.9177834146037799,2,Elevated Stress
2022-04-01,-0.2691380541817565,-1.4555968753493878,0,Deep Calm
2022-04-08,-0.18249850839926482,-1.7022006414657174,0,Deep Calm
2022-04-15,-0.12020875831378346,-1.5700957391907102,0,Deep Calm
2022-04-22,-0.1203824309511626,-1.6809981800039537,0,Deep Calm
2022-04-29,-0.01767391752684751,-2.4436183981648805,0,Deep Calm
2022-05-06,-0.9744406373959118,-2.5252418483396917,0,Deep Calm
2022-05-13,0.11180215245424195,-2.5946545192232944,0,Deep Calm
2022-05-20,0.49292835362356135,-1.46715942535453,0,Deep Calm
2022-05-27,2.2066865928869803,-0.5324069865273612,2,Elevated Stress
2022-06-03,0.6084864196171542,0.044783547601871705,2,Elevated Stress
2022-06-10,2.403988255238564,-0.24030067893373147,2,Elevated Stress
2022-06-17,2.973725189818524,-1.6423014117808636,3,Crisis
2022-06-24,3.8219189550859807,-2.2397115362457507,3,Crisis
2022-07-01,2.424282730431471,-1.3027739634971756,2,Elevated Stress
2022-07-08,1.395327658102114,-1.6453738731566547,2,Elevated Stress
2022-07-15,0.3460993181907427,-0.5578627682537742,2,Elevated Stress
2022-07-22,0.27039201354586756,0.011026643280843669,2,Elevated Stress
2022-07-29,0.21179520846959132,0.1781580327737478,2,Elevated Stress
2022-08-05,-0.6515831080226888,1.0926758382757131,2,Elevated Stress
2022-08-12,-0.16351131168641217,1.0475766726073352,2,Elevated Stress
2022-08-19,-0.3135412387457936,-0.6719107627070996,2,Elevated Stress
2022-08-26,1.3052288479701777,-1.3123392040622142,2,Elevated Stress
2022-09-02,1.1998193248900382,-2.1797864063958365,2,Elevated Stress
2022-09-09,1.2159421050140709,-2.434347286573805,2,Elevated Stress
2022-09-16,1.9613810841278245,-2.2030878190160332,2,Elevated Stress
2022-09-23,1.6737190851246342,-2.782058648809051,2,Elevated Stress
2022-09-30,1.1511844631487944,-2.234313456403659,2,Elevated Stress
2022-10-07,0.5227155036641054,-2.0309996762638245,2,Elevated Stress
2022-10-14,-0.02091929606912931,-2.0903127342246597,2,Elevated Stress
2022-10-21,0.6824893725561636,-2.0400343735122015,2,Elevated Stress
2022-10-28,0.08430747469719892,-0.7798577353382009,2,Elevated Stress
2022-11-04,0.6523706937384054,-1.2978624387238211,2,Elevated Stress
2022-11-11,1.7681253179891254,1.215743036004279,2,Elevated Stress
2022-11-18,0.6062626084348512,2.0736571303779097,2,Elevated Stress
2022-11-25,1.0277438558807495,1.907772537790753,2,Elevated Stress
2022-12-02,0.46881946973738836,3.3621458366226293,2,Elevated Stress
2022-12-09,1.0237045567108602,1.4393024030682815,2,Elevated Stress
2022-12-16,0.8454260871067547,1.4105130085621775,2,Elevated Stress
2022-12-23,-0.38272778178295114,0.20581368020434165,1,Calm
2022-12-30,-0.7931555684630253,-1.1684724016931136,1,Calm
2023-01-06,-0.3388081859235465,0.4461185301765902,1,Calm
2023-01-13,-0.27062070366791374,1.234942700378624,1,Calm
2023-01-20,-0.5162136918819066,1.8224357693329594,1,Calm
2023-01-27,0.13433877884474063,2.1075859779979873,1,Calm
2023-02-03,-0.28031904572958777,0.11676756643336449,0,Deep Calm
2023-02-10,-0.31566511228350586,-1.34371154548252,0,Deep Calm
2023-02-17,-0.7395868076733064,-1.591978261788348,0,Deep Calm
2023-02-24,0.10688608465834429,-2.290343941929649,0,Deep Calm
2023-03-03,0.006696614920299621,-1.1755107585091131,0,Deep Calm
2023-03-10,1.5802608599130052,-0.031749828711644716,2,Elevated Stress
2023-03-17,0.6951898565034965,1.5440000760870387,2,Elevated Stress
2023-03-24,0.9845798987563458,2.0789717911731453,2,Elevated Stress
2023-03-31,1.2977667414321077,1.5711794015682996,2,Elevated Stress
2023-04-07,-0.7580876327715661,1.613531589781752,1,Calm
2023-04-14,-0.9710698826892948,0.1377159814188643,1,Calm
2023-04-21,-1.129199639482063,-0.1842526910753968,1,Calm
2023-04-28,-0.8492858210666999,0.05419756362657164,1,Calm
2023-05-05,-1.0147464873741636,-0.5396577859757564,1,Calm
2023-05-12,-0.9467578951631476,-0.2655263652961294,1,Calm
2023-05-19,-0.44876985650181633,-0.7817994570267807,0,Deep Calm
2023-05-26,-0.9900053233363676,-1.4051347896362292,0,Deep Calm
2023-06-02,-0.5546932991137351,-1.1424589693611222,0,Deep Calm
2023-06-09,-1.1731439341690326,-0.7906577855043777,0,Deep Calm
2023-06-16,-0.34031299873976095,0.023004864282360656,0,Deep Calm
2023-06-23,-0.40098458175387725,0.023370745212325635,0,Deep Calm
2023-06-30,-0.05516941531372048,-0.18286951730639625,0,Deep Calm
2023-07-07,-0.306950136628759,-1.0587509328725364,0,Deep Calm
2023-07-14,0.0748034346113632,-0.3305813646059626,0,Deep Calm
2023-07-21,-0.8265796736104302,0.20069080991999602,0,Deep Calm
2023-07-28,-0.701045308939685,-0.21007825938910896,0,Deep Calm
2023-08-04,-0.19020280831347566,-0.29119263012681385,0,Deep Calm
2023-08-11,-1.1090661300059228,-1.3893105259281961,0,Deep Calm
2023-08-18,-0.4334831537278404,-2.1943286956917234,0,Deep Calm
2023-08-25,-0.7751826542442536,-1.2931067321415985,0,Deep Calm
2023-09-01,0.024602276159816347,-0.3823065572507815,0,Deep Calm
2023-09-08,-0.20269474068653254,-0.26621391097441954,0,Deep Calm
2023-09-15,-0.7256482259915893,0.12991036834075972,0,Deep Calm
2023-09-22,0.18301776178565007,-0.7996646510298402,0,Deep Calm
2023-09-29,-1.0549458934574236,-2.0840226307444047,0,Deep Calm
2023-10-06,-1.078200220883019,-2.8574523788339294,0,Deep Calm
2023-10-13,-0.7119240619636136,-1.156300394099439,0,Deep Calm
2023-10-20,-0.2091751285163374,-1.3758969416009816,0,Deep Calm
2023-10-27,0.17355488280791684,0.26087187132997547,0,Deep Calm
2023-11-03,2.1352691971327573,1.8820249108384148,2,Elevated Stress
2023-11-10,0.3817661436281922,0.21141951106780538,2,Elevated Stress
2023-11-17,0.6685726863281479,1.5024881252463038,2,Elevated Stress
2023-11-24,-0.31643910946041903,1.2262101050104692,1,Calm
2023-12-01,-0.7331910409087997,1.733038485654553,1,Calm
2023-12-08,-0.816434406663413,1.89246934943624,1,Calm
2023-12-15,-0.20854775003589981,2.0309148249239457,1,Calm
2023-12-22,-0.5349987613776261,2.24925206210337,1,Calm
2023-12-29,-0.8859099936920318,1.1568419484450996,1,Calm
2024-01-05,-0.2803913685872935,0.627353740497574,1,Calm
2024-01-12,-0.4597549677097468,-0.20736281382211216,1,Calm
2024-01-19,-0.6240176347833232,-1.146688280767003,1,Calm
2024-01-26,-0.8247424548649215,-1.3378904541819716,1,Calm
2024-02-02,-0.8498027384088247,-0.2061621131044819,1,Calm
2024-02-09,-0.9995234929982487,-0.731472982168394,1,Calm
2024-02-16,-1.034996182480206,-0.4430491180984124,1,Calm
2024-02-23,-0.4207903438418019,0.01963254034208383,1,Calm
2024-03-01,-0.7995190075381594,0.02032906917955809,1,Calm
2024-03-08,-0.7500248663771044,1.4399936140083875,1,Calm
2024-03-15,-0.8242522523163602,1.1301448048565035,1,Calm
2024-03-22,0.01647217084045727,0.9166267676459715,1,Calm
2024-03-29,-0.7592576353688018,1.0915924674743145,1,Calm
2024-04-05,-0.5539380958370774,0.07058959223641116,1,Calm
2024-04-12,-0.15058188982087725,0.6830780644840589,1,Calm
2024-04-19,0.31728935095840943,0.3761215515271885,0,Deep Calm
2024-04-26,0.27622821694102856,-0.5596125923222043,0,Deep Calm
2024-05-03,-0.41232665587686634,-0.4831441370254583,0,Deep Calm
2024-05-10,0.11531513046993805,0.05321473802219424,0,Deep Calm
2024-05-17,-0.5779289756837964,0.6776115350308127,1,Calm
2024-05-24,-0.9503352302337117,0.5465443731065149,1,Calm
2024-05-31,-0.7919664273745077,0.24863092560028607,1,Calm
2024-06-07,-0.5200482596867896,-0.4653091660835163,1,Calm
2024-06-14,-0.27672680102298086,-0.12877856890841105,1,Calm
2024-06-21,-0.835799094357163,0.3522138363230499,1,Calm
2024-06-28,-0.9662793177353284,0.17792948118156793,1,Calm
2024-07-05,-0.3710223752297152,0.8517577092161239,1,Calm
2024-07-12,-0.9401366085807548,0.47460425974792464,1,Calm
2024-07-19,-0.22242593368634492,0.2958242702047664,1,Calm
2024-07-26,-0.5341571235201531,0.6882899587874163,1,Calm
2024-08-02,0.20702889579468794,1.19717961256973,1,Calm
2024-08-09,-0.858146868810886,0.47028899925697404,1,Calm
2024-08-16,1.1936403149144488,1.4031203917481825,2,Elevated Stress
2024-08-23,0.30003851304857404,1.7486004990296167,2,Elevated Stress
2024-08-30,-0.958124685835132,0.28435839327303564,2,Elevated Stress
2024-09-06,1.4139218559490971,0.7842317020577076,2,Elevated Stress
2024-09-13,1.3719807664151145,0.8094147318361041,2,Elevated Stress
2024-09-20,0.23378089401945665,0.7579768687426973,2,Elevated Stress
2024-09-27,0.2512366952175628,1.2759410212436055,2,Elevated Stress
2024-10-04,-0.9016296620525661,0.32306661090706057,1,Calm
2024-10-11,-1.2201685636740338,-0.7141562764191652,1,Calm
2024-10-18,-1.1518194707177278,-0.34634778527428217,1,Calm
2024-10-25,-0.9028373656938641,-0.7370123952233525,1,Calm
2024-11-01,-0.5648430262932925,-0.5224776984977475,0,Deep Calm
2024-11-08,1.1954962996485126,-0.24719437320579238,0,Deep Calm
2024-11-15,0.270484528989935,-1.8116476743267904,0,Deep Calm
2024-11-22,0.20194889974368127,-0.5897309176198823,0,Deep Calm
2024-11-29,0.029545557125200413,0.20273789685957808,0,Deep Calm
2024-12-06,-0.3358326611172309,-0.12786350514703956,0,Deep Calm
2024-12-13,-0.7942974998209069,0.5274379566049063,0,Deep Calm
2024-12-20,-0.10598655931276317,-1.0904110112511582,0,Deep Calm
2024-12-27,-0.7727431883574013,-1.6248864343182026,0,Deep Calm
2025-01-03,-1.0839495547225768,-1.2592927780228798,0,Deep Calm
2025-01-10,-0.33655490295589996,-0.8055556195909502,0,Deep Calm
2025-01-17,0.2284634968114254,0.22747969736061555,0,Deep Calm
2025-01-24,-0.023213869961100506,0.8690973748314018,1,Calm
2025-01-31,-0.13551727841844258,0.9406980304049221,1,Calm
2025-02-07,-0.39358331057104,1.6092465025063531,1,Calm
2025-02-14,-0.2012804175972336,1.344998828502029,1,Calm
2025-02-21,-0.07481067246061555,1.2229842403819942,1,Calm
2025-02-28,-0.2905466543822201,1.088654372152873,1,Calm
2025-03-07,0.44842741738532593,0.2791398212998347,2,Elevated Stress
2025-03-14,-0.016489670965385336,0.4884553586167338,2,Elevated Stress
2025-03-21,-0.5916741037790096,0.53998057820236,2,Elevated Stress
2025-03-28,-0.2723063217949641,0.5553468887608788,2,Elevated Stress
2025-04-04,3.9733620347679253,0.3620227109690881,3,Crisis
2025-04-11,3.158524434111353,0.12299574739055621,3,Crisis
2025-04-18,1.5915661005424366,0.6380145180650942,2,Elevated Stress
2025-04-25,2.831313979229131,0.6510981924517786,2,Elevated Stress
2025-05-02,0.2754722285186782,0.2364259411826215,2,Elevated Stress
2025-05-09,-0.42229582428054063,0.6651055926806233,2,Elevated Stress
2025-05-16,0.9667068053130146,-0.8635904121792549,2,Elevated Stress
2025-05-23,0.5034921889255786,-0.6352114104479288,2,Elevated Stress
2025-05-30,0.25439513685556026,0.06929615052569862,2,Elevated Stress
2025-06-06,0.19125547441588867,-0.5086547587488374,2,Elevated Stress
2025-06-13,-0.3714040944416485,1.1125035846756608,1,Calm
2025-06-20,-0.7799160029903636,0.44380968321586844,1,Calm
2025-06-27,0.5977152058957891,0.002342551933699067,0,Deep Calm
2025-07-04,-0.10363088977793228,0.4367676443917365,0,Deep Calm
2025-07-11,-0.729648861347676,-0.43768015695491314,0,Deep Calm
2025-07-18,-0.6861676824928544,-0.3323905151319564,0,Deep Calm
2025-07-25,-0.5990251028365833,0.07849261082303265,0,Deep Calm
2025-08-01,0.19993598870944274,0.06598063532100452,0,Deep Calm
2025-08-08,0.35003241009398306,0.3524907480044612,0,Deep Calm
2025-08-15,-0.2104588380325112,0.09961563374020362,0,Deep Calm
2025-08-22,-0.519941735109495,0.25725442184546915,1,Calm
2025-08-29,-1.146840244786195,0.3134813617637886,1,Calm
2025-09-05,-1.0190260116627103,1.0741659626611122,1,Calm
2025-09-12,-0.2997536338949821,2.0200423527096585,1,Calm
2025-09-19,-0.6002891327639525,1.7635458442355263,1,Calm
2025-09-26,-0.8798701585695661,1.8032840818868214,1,Calm
2025-10-03,-0.5900413401564418,1.3134842658773382,1,Calm
2025-10-10,0.40594194742501055,1.388625665961063,2,Elevated Stress
2025-10-17,0.342318766694628,2.410981921230406,2,Elevated Stress
2025-10-24,0.34680711571064154,1.7123261318113103,2,Elevated Stress
2025-10-31,-0.2732900640022244,0.5647902076647533,2,Elevated Stress
2025-11-07,-0.31448881009968443,-0.35536795108736224,0,Deep Calm
2025-11-14,-0.9208887905356166,-1.055970832884197,0,Deep Calm
2025-11-21,-0.2869823254301248,-0.6769052416259379,0,Deep Calm
2025-11-28,0.895766266965118,0.6534549714688004,0,Deep Calm
2025-12-05,-0.4847090248006341,0.5060967345997963,1,Calm
2025-12-12,-0.36556990623106594,0.4971250768733691,1,Calm
2025-12-19,-0.6234936888034546,0.6160975416942872,1,Calm
2025-12-26,-0.45769337033572904,0.6820118926913018,1,Calm
2026-01-02,-0.6404520572360423,0.3233189698839932,1,Calm
2026-01-09,-0.29090393129961356,0.8500335353521618,1,Calm
2026-01-16,-0.7650321817127799,0.9873833041352926,1,Calm
2026-01-23,-0.7306995938912868,1.5271569495062072,1,Calm
2026-01-30,-0.7653042708562411,1.7544465481784388,1,Calm
2026-02-06,-1.0111217567520685,1.3317708415409806,1,Calm
2026-02-13,-0.3822727364857314,1.7970508414368467,1,Calm
2026-02-20,-0.4729298672393184,0.5497208976387165,1,Calm
2026-02-27,-0.4084843378492152,1.897584929276849,1,Calm
