,60/40 Benchmark,Equal Weight,Phase II Hand + Regime,Post-Phase-II Regime Optimized,Risk Parity,Minimum Volatility
2010-05-07,1.0,1.0,1.0,1.0,1.0000000000000002,1.0
2010-05-14,0.0,0.0,0.0,0.0,0.0,0.0
2010-05-21,0.0,0.0,0.0,0.0,0.0,0.0
2010-05-28,0.07531621116349724,0.0,0.0,0.0,0.0,0.0
2010-06-04,0.0,0.0,0.0,0.0,0.0,0.0
2010-06-11,0.0,0.0,0.0,0.0,0.0,0.0
2010-06-18,0.0,0.0,0.0,0.0,0.0,0.0
2010-06-25,0.0,0.0,0.0,0.0,0.0,0.0
2010-07-02,0.0,0.0,0.0,0.0,0.0,0.0
2010-07-09,0.0,0.07657291589034976,0.08149508050277918,0.0,0.0714654064494204,0.07657291589034976
2010-07-16,0.0,0.0,0.0,0.0,0.0,0.0
2010-07-23,0.0,0.0,0.0,0.0,0.0,0.0
2010-07-30,0.0,0.0,0.0,0.0,0.0,0.0
2010-08-06,0.0,0.0,0.0,0.0,0.0,0.0
2010-08-13,0.0,0.0,0.0,0.0,0.0,0.0
2010-08-20,0.0,0.0,0.0,0.0,0.0,0.0
2010-08-27,0.0,0.0,0.0,0.0,0.0,0.0
2010-09-03,0.0,0.0,0.0,0.0,0.0,0.0
2010-09-10,0.0,0.0,0.68103114264048,1.1999999999999997,0.0,0.0
2010-09-17,0.0,0.0,0.0,0.0,0.0,0.0
2010-09-24,0.0,0.0,0.0,0.0,0.0,0.0
2010-10-01,0.0,0.0,0.0,0.0,0.0,0.0
2010-10-08,0.0,0.0,0.0,0.0,0.0,0.0
2010-10-15,0.0,0.0,0.0,0.0,0.0,0.0
2010-10-22,0.0,0.0,0.0,0.0,0.0,0.0
2010-10-29,0.0,0.0,0.0,0.0,0.0,0.0
2010-11-05,0.0,0.0,0.178039821686194,0.40738157890689064,0.0,0.0
2010-11-12,0.0,0.0,0.0,0.0,0.06195568988704567,0.0
2010-11-19,0.0,0.0,0.0,0.0,0.0,0.0
2010-11-26,0.0,0.0,0.0,0.0,0.0,0.0
2010-12-03,0.0,0.0,0.0,0.0,0.0,0.0
2010-12-10,0.06900024414603018,0.07335097724583226,0.0,0.0,0.0,0.07335097724583226
2010-12-17,0.0,0.0,0.228410513118871,0.402064157622177,0.0,0.0
2010-12-24,0.0,0.0,0.0,0.0,0.0,0.0
2010-12-31,0.0,0.0,0.0,0.0,0.0,0.0
2011-01-07,0.0,0.0,0.0,0.0,0.0,0.0
2011-01-14,0.0,0.0,0.0,0.0,0.0,0.0
2011-01-21,0.0,0.0,0.0,0.0,0.0,0.0
2011-01-28,0.0,0.0,0.0,0.0,0.0,0.0
2011-02-04,0.0,0.0,0.1935269625698698,0.39876447778345037,0.0,0.0
2011-02-11,0.06134431194577433,0.0,0.0,0.0,0.0,0.0
2011-02-18,0.0,0.0,0.21703229582534575,0.4020641576221769,0.0,0.0
2011-02-25,0.0,0.0,0.0,0.0,0.0,0.0
2011-03-04,0.0,0.0,0.0,0.0,0.0,0.0
2011-03-11,0.0,0.0,0.0,0.0,0.0,0.0
2011-03-18,0.0,0.0,0.6804746602962632,1.183502903013796,0.0,0.0
2011-03-25,0.0,0.0,0.0,0.0,0.0,0.0
2011-04-01,0.0,0.0,0.0,0.0,0.0,0.0
2011-04-08,0.0,0.0,0.6959226092606036,1.2,0.0,0.0
2011-04-15,0.0,0.0,0.0,0.0,0.0,0.0
2011-04-22,0.0,0.0,0.0,0.0,0.0,0.0
2011-04-29,0.0,0.0,0.0,0.0,0.0,0.0
2011-05-06,0.0,0.0,0.0,0.0,0.0,0.0
2011-05-13,0.0,0.0,0.0,0.0,0.0,0.0
2011-05-20,0.0,0.0,0.0,0.0,0.0,0.0
2011-05-27,0.0,0.0,0.0,0.0,0.0,0.0
2011-06-03,0.0,0.0,0.22263649730318683,0.4205392564981857,0.0,0.0
2011-06-10,0.0,0.0,0.0,0.0,0.0,0.0
2011-06-17,0.0639214372278103,0.0,0.0,0.0,0.0,0.0
2011-06-24,0.0,0.0,0.0,0.0,0.0,0.0
2011-07-01,0.0,0.0,0.8886428635466809,1.4338731451400368,0.0,0.0
2011-07-08,0.0,0.0,0.0,0.0,0.0,0.0
2011-07-15,0.0,0.0,0.0,0.0,0.0,0.0
2011-07-22,0.0,0.0,0.0,0.0,0.0,0.0
2011-07-29,0.0,0.0,0.0,0.0,0.0,0.0
2011-08-05,0.0,0.0,0.37801083823941506,0.5826874914066855,0.0,0.0
2011-08-12,0.0,0.0,0.0,0.0,0.0,0.0
2011-08-19,0.07896635724510587,0.09034273716711291,0.0,0.0,0.09806946905219571,0.09034273716711291
2011-08-26,0.0,0.0,0.0,0.0,0.0,0.0
2011-09-02,0.0,0.0,0.0,0.0,0.0,0.0
2011-09-09,0.0,0.0,0.43719779959976035,0.5661268548599634,0.0,0.0
2011-09-16,0.0,0.0,0.0,0.0,0.0,0.0
2011-09-23,0.0,0.0,0.0,0.0,0.0,0.0
2011-09-30,0.08399666313172999,0.06568577550156768,0.07083310381952809,0.08015511593764951,0.07786625023542168,0.06568577550156768
2011-10-07,0.0,0.0,0.0,0.0,0.0,0.0
2011-10-14,0.0,0.0,0.0,0.0,0.0,0.0
2011-10-21,0.06273157097783283,0.0,0.6603287502898458,1.2,0.0,0.0
2011-10-28,0.0,0.0,0.0,0.0,0.0,0.0
2011-11-04,0.0,0.0,0.0,0.0,0.0,0.0
2011-11-11,0.0,0.0,0.0,0.0,0.0,0.0
2011-11-18,0.0,0.0,0.6992939840784121,1.1997780129824736,0.0,0.0
2011-11-25,0.0,0.0,0.0,0.0,0.0,0.0
2011-12-02,0.0,0.0,0.0,0.0,0.0,0.0
2011-12-09,0.0,0.0,0.0,0.0,0.0,0.0
2011-12-16,0.0,0.0,0.0,0.0,0.0,0.0
2011-12-23,0.0,0.0,0.0,0.06853144610267953,0.0,0.0
2011-12-30,0.0,0.0,0.884823076043284,1.4202775877949319,0.0,0.0
2012-01-06,0.0,0.0,0.0,0.0,0.0,0.0
2012-01-13,0.0,0.0,0.20309353098745886,0.40206415762217695,0.0,0.0
2012-01-20,0.0,0.0,0.0,0.0,0.0,0.0
2012-01-27,0.0,0.0,0.0,0.0,0.0,0.0
2012-02-03,0.0,0.0,0.0,0.0,0.0,0.0
2012-02-10,0.0,0.0,0.0,0.0,0.0,0.0
2012-02-17,0.0,0.0,0.0,0.0,0.0,0.0
2012-02-24,0.0,0.0,0.0,0.0,0.0,0.0
2012-03-02,0.0,0.0,0.0,0.0,0.0,0.0
2012-03-09,0.0,0.06881455040676338,0.0,0.0,0.0,0.06881455040676338
2012-03-16,0.0,0.0,0.17578481148269923,0.41158502755167115,0.0,0.0
2012-03-23,0.07119927787999825,0.0,0.0,0.0,0.07662575494907073,0.0
2012-03-30,0.0,0.0,0.0,0.0,0.0,0.0
2012-04-06,0.0,0.0,0.0,0.0,0.0,0.0
2012-04-13,0.0,0.0,0.0,0.0,0.0,0.0
2012-04-20,0.0,0.0,0.0,0.0,0.0,0.0
2012-04-27,0.0,0.0,0.0,0.0,0.0,0.0
2012-05-04,0.0,0.0,0.0,0.0,0.0,0.0
2012-05-11,0.0,0.0,0.0,0.0,0.0,0.0
2012-05-18,0.0,0.0,0.9048672133642675,1.4338731451400366,0.0,0.0
2012-05-25,0.09138600244007739,0.0,0.0,0.0,0.07122907953455382,0.0
2012-06-01,0.0,0.0,0.0,0.0,0.0,0.0
2012-06-08,0.0,0.0649299984856819,0.0,0.0,0.0,0.0649299984856819
2012-06-15,0.0,0.0,0.7232191501464514,1.1999999999999997,0.0,0.0
2012-06-22,0.0,0.0,0.0,0.0,0.0,0.0
2012-06-29,0.0,0.0,0.0,0.0,0.0,0.0
2012-07-06,0.0,0.0,0.0,0.0,0.0,0.0
2012-07-13,0.0,0.0,0.0,0.0,0.0,0.0
2012-07-20,0.0,0.0,0.0,0.0,0.0,0.0
2012-07-27,0.0,0.0,0.0,0.0,0.0,0.0
2012-08-03,0.0,0.0,0.0,0.0,0.0,0.0
2012-08-10,0.0,0.0,0.0,0.0,0.0,0.0
2012-08-17,0.0,0.0,0.0,0.0,0.0,0.0
2012-08-24,0.0,0.0,0.0,0.0,0.0,0.0
2012-08-31,0.0,0.0,0.0,0.0,0.0,0.0
2012-09-07,0.0,0.0,0.0,0.0,0.0,0.0
2012-09-14,0.0,0.0,0.0,0.0,0.0,0.0
2012-09-21,0.08092872096087383,0.07150848889113037,0.0,0.0,0.0,0.07150848889113037
2012-09-28,0.0,0.0,0.0,0.0,0.0,0.0
2012-10-05,0.0,0.0,0.0,0.0,0.0,0.0
2012-10-12,0.0,0.0,0.1695826790432921,0.4121968087527048,0.0,0.0
2012-10-19,0.0,0.0,0.0,0.0,0.0,0.0
2012-10-26,0.0,0.0,0.0,0.0,0.0,0.0
2012-11-02,0.0,0.0,0.0,0.0,0.0,0.0
2012-11-09,0.0,0.0,0.0,0.0,0.0,0.0
2012-11-16,0.0,0.0,0.0,0.0,0.0,0.0
2012-11-23,0.06777328792976495,0.0,0.880051631024157,1.4338731451400368,0.0,0.0
2012-11-30,0.0,0.0,0.0,0.0,0.0,0.0
2012-12-07,0.0,0.0,0.6800359435565366,1.2,0.0,0.0
2012-12-14,0.0,0.0,0.0,0.0,0.0,0.0
2012-12-21,0.0,0.0,0.0,0.0,0.0,0.0
2012-12-28,0.0,0.0,0.0,0.0,0.0,0.0
2013-01-04,0.0,0.0,0.2036489708884598,0.3969921808840871,0.0,0.0
2013-01-11,0.06561469494523664,0.0,0.0,0.0,0.0,0.0
2013-01-18,0.0,0.0,0.22075010985472793,0.40206415762217695,0.0,0.0
2013-01-25,0.0,0.0,0.0,0.0,0.0,0.0
2013-02-01,0.0,0.0,0.0,0.0,0.0,0.0
2013-02-08,0.0,0.0,0.0,0.0,0.0,0.0
2013-02-15,0.0,0.0,0.0,0.0,0.0,0.0
2013-02-22,0.0,0.0,0.0,0.0,0.0,0.0
2013-03-01,0.0,0.0,0.0,0.0,0.0,0.0
2013-03-08,0.0,0.0,0.0,0.0,0.0,0.0
2013-03-15,0.0,0.0,0.0,0.0,0.0,0.0
2013-03-22,0.0,0.0,0.0,0.0,0.0,0.0
2013-03-29,0.0,0.0,0.0,0.0,0.0,0.0
2013-04-05,0.0,0.0,0.0,0.0,0.0,0.0
2013-04-12,0.0,0.0,0.19802040840780663,0.4130752210545642,0.0,0.0
2013-04-19,0.0,0.08320317836991173,0.0,0.0,0.08364081408336044,0.08320317836991173
2013-04-26,0.0,0.0,0.0,0.0,0.0,0.0
2013-05-03,0.0,0.0,0.0,0.0,0.0,0.0
2013-05-10,0.0,0.0,0.0,0.0,0.0,0.0
2013-05-17,0.0,0.0,0.0,0.0,0.0,0.0
2013-05-24,0.06554377730429273,0.0,0.0,0.0,0.0,0.0
2013-05-31,0.0,0.0,0.0,0.0,0.0,0.0
2013-06-07,0.0,0.0,0.0,0.0,0.0,0.0
2013-06-14,0.0,0.0,0.0,0.0,0.0,0.0
2013-06-21,0.0,0.0,0.0,0.0,0.0,0.0
2013-06-28,0.0,0.0,0.0,0.0,0.0,0.0
2013-07-05,0.0,0.0,0.06306796413234107,0.0,0.0,0.0
2013-07-12,0.0,0.0797918755203732,0.0,0.0,0.0,0.0797918755203732
2013-07-19,0.0,0.0,0.21397565282903708,0.40206415762217707,0.0,0.0
2013-07-26,0.0,0.0,0.0,0.0,0.0,0.0
2013-08-02,0.0,0.0,0.0,0.0,0.0,0.0
2013-08-09,0.0,0.0,0.0,0.0,0.0,0.0
2013-08-16,0.0,0.0,0.19956772320924307,0.40733914488659584,0.0,0.0
2013-08-23,0.0,0.0,0.0,0.0,0.0,0.0
2013-08-30,0.0,0.0,0.0,0.0,0.0,0.0
2013-09-06,0.0,0.0,0.0,0.0,0.0,0.0
2013-09-13,0.0,0.0,0.0,0.0,0.0,0.0
2013-09-20,0.06257931329529709,0.0,0.0,0.0,0.0,0.0
2013-09-27,0.0,0.0,0.20510400621496466,0.40473694018444195,0.0,0.0
2013-10-04,0.0,0.0,0.0,0.0,0.0,0.0
2013-10-11,0.0,0.0,0.0,0.0,0.0,0.0
2013-10-18,0.0,0.0,0.0,0.0,0.0,0.0
2013-10-25,0.0,0.0,0.0,0.0,0.0,0.0
2013-11-01,0.0,0.0,0.0,0.0,0.0,0.0
2013-11-08,0.0,0.0,0.0,0.0,0.0,0.0
2013-11-15,0.0,0.0,0.0,0.0,0.08576085952568224,0.0
2013-11-22,0.0,0.0,0.0,0.0,0.0,0.0
2013-11-29,0.0,0.0,0.0,0.0,0.0,0.0
2013-12-06,0.0,0.0,0.0,0.0,0.0,0.0
2013-12-13,0.0,0.0,0.1837427179065942,0.40883662862404013,0.0,0.0
2013-12-20,0.0,0.0,0.0,0.0,0.0,0.0
2013-12-27,0.0,0.0,0.0,0.0,0.0,0.0
2014-01-03,0.0,0.0,0.21157844766876396,0.4020641576221769,0.0,0.0
2014-01-10,0.0,0.0,0.0,0.0,0.0,0.0
2014-01-17,0.0,0.0,0.0,0.0,0.0,0.0
2014-01-24,0.0,0.0,0.0,0.0,0.0,0.0
2014-01-31,0.0,0.0,0.0,0.0,0.0,0.0
2014-02-07,0.0,0.0,0.0,0.0,0.0,0.0
2014-02-14,0.0,0.0,0.0,0.0,0.0,0.0
2014-02-21,0.0,0.0,0.0,0.0,0.0,0.0
2014-02-28,0.0,0.0,0.0,0.0,0.0,0.0
2014-03-07,0.0,0.0,0.0,0.0,0.0,0.0
2014-03-14,0.0,0.0,0.0,0.0,0.0,0.0
2014-03-21,0.0,0.0,0.0,0.0,0.0,0.0
2014-03-28,0.0,0.0,0.0,0.0,0.0,0.0
2014-04-04,0.0,0.0,0.0,0.0,0.0,0.0
2014-04-11,0.0,0.0,0.22115688034554679,0.41804919138668406,0.0,0.0
2014-04-18,0.0,0.0,0.0,0.0,0.0,0.0
2014-04-25,0.0,0.0,0.19845176365120168,0.4035438479427827,0.0,0.0
2014-05-02,0.0,0.0,0.0,0.0,0.0,0.0
2014-05-09,0.0,0.0,0.0,0.0,0.0,0.0
2014-05-16,0.0,0.0,0.0,0.0,0.0,0.0
2014-05-23,0.0,0.0,0.0,0.0,0.0,0.0
2014-05-30,0.0,0.0,0.0,0.0,0.0,0.0
2014-06-06,0.0,0.0,0.0,0.0,0.0,0.0
2014-06-13,0.0,0.0,0.0,0.0,0.0,0.0
2014-06-20,0.0,0.0,0.0,0.0,0.0,0.0
2014-06-27,0.0,0.0,0.0,0.0,0.0,0.0
2014-07-04,0.0,0.0,0.0,0.0,0.0,0.0
2014-07-11,0.0,0.0,0.0,0.0,0.0,0.0
2014-07-18,0.0,0.0,0.0,0.0,0.0,0.0
2014-07-25,0.0,0.0,0.0,0.0,0.0,0.0
2014-08-01,0.0,0.0,0.2031586281114446,0.4156492325541633,0.0,0.0
2014-08-08,0.0,0.0,0.0,0.0,0.0,0.0
2014-08-15,0.0,0.0,0.0,0.0,0.0,0.0
2014-08-22,0.0,0.0,0.0,0.0,0.0,0.0
2014-08-29,0.0,0.0,0.20289444233231144,0.40206415762217695,0.0,0.0
2014-09-05,0.0,0.0,0.0,0.0,0.0,0.0
2014-09-12,0.0,0.0,0.19454648144952558,0.4064181659739469,0.0,0.0
2014-09-19,0.0,0.0,0.0,0.0,0.0,0.0
2014-09-26,0.0,0.060386518400523004,0.0,0.0,0.0,0.060386518400523004
2014-10-03,0.0,0.0,0.0,0.0,0.0,0.0
2014-10-10,0.0,0.0,0.9015078403415012,1.4338731451400366,0.0,0.0
2014-10-17,0.0,0.0,0.0,0.0,0.07837158214299156,0.0
2014-10-24,0.0,0.0,0.0,0.0,0.0,0.0
2014-10-31,0.0,0.0,0.0,0.0,0.0,0.0
2014-11-07,0.0,0.0,0.8918988614082618,1.4294442664255462,0.0,0.0
2014-11-14,0.0,0.0,0.0,0.0,0.0,0.0
2014-11-21,0.0,0.0,0.0,0.0,0.0,0.0
2014-11-28,0.0,0.0,0.20861940238787804,0.40206415762217707,0.0,0.0
2014-12-05,0.0,0.0,0.0,0.0,0.0,0.0
2014-12-12,0.0,0.0,0.6995527323321428,1.2069750398624246,0.0,0.0
2014-12-19,0.0,0.0,0.0,0.0,0.0,0.0
2014-12-26,0.0,0.0,0.0,0.0,0.0,0.0
2015-01-02,0.0,0.0,0.0,0.0,0.0,0.0
2015-01-09,0.0,0.0,0.0,0.0,0.0,0.0
2015-01-16,0.0,0.0,0.0,0.0,0.0,0.0
2015-01-23,0.0,0.0,0.0,0.0,0.0,0.0
2015-01-30,0.0,0.0,0.0,0.0,0.0,0.0
2015-02-06,0.06644885978556236,0.0715454458156051,0.0,0.0,0.0,0.0715454458156051
2015-02-13,0.0,0.0,0.9292922706394269,1.450465423329585,0.0,0.0
2015-02-20,0.0,0.0,0.0,0.0,0.0,0.0
2015-02-27,0.06808530268736762,0.0,0.0,0.0,0.0,0.0
2015-03-06,0.0,0.0,0.0,0.0,0.0,0.0
2015-03-13,0.0,0.0,0.0,0.0,0.0,0.0
2015-03-20,0.0,0.0,0.0,0.0,0.0,0.0
2015-03-27,0.0,0.0,0.0,0.0,0.0,0.0
2015-04-03,0.0,0.0,0.20565322211934794,0.402064157622177,0.0,0.0
2015-04-10,0.0,0.0,0.0,0.0,0.0,0.0
2015-04-17,0.0,0.0,0.0,0.0,0.0,0.0
2015-04-24,0.0,0.0,0.0,0.0,0.0,0.0
2015-05-01,0.0,0.0,0.0,0.0,0.0,0.0
2015-05-08,0.0,0.0,0.0,0.0,0.0,0.0
2015-05-15,0.0,0.0,0.0,0.0,0.0,0.0
2015-05-22,0.0,0.0,0.0,0.0,0.0,0.0
2015-05-29,0.0,0.0,0.0,0.0,0.0,0.0
2015-06-05,0.0,0.0,0.0,0.0,0.0,0.0
2015-06-12,0.0,0.0,0.0,0.0,0.0,0.0
2015-06-19,0.0,0.0,0.0,0.0,0.0,0.0
2015-06-26,0.0,0.0,0.0,0.0,0.0,0.0
2015-07-03,0.0,0.0,0.0,0.0,0.0,0.0
2015-07-10,0.0,0.0,0.0,0.0,0.0,0.0
2015-07-17,0.0,0.0,0.16850972791255361,0.4002257859769466,0.0,0.0
2015-07-24,0.0,0.08734049999598464,0.0,0.0,0.0,0.08734049999598464
2015-07-31,0.0,0.0,0.0,0.0,0.0,0.0
2015-08-07,0.0,0.0,0.0,0.0,0.0,0.0
2015-08-14,0.0,0.0,0.0,0.0,0.0,0.0
2015-08-21,0.0,0.0,0.8964596437655773,1.4338731451400366,0.0,0.0
2015-08-28,0.0,0.0,0.0,0.0,0.0,0.0
2015-09-04,0.0,0.0,0.0,0.0,0.0,0.0
2015-09-11,0.0,0.0,0.0,0.0,0.0,0.0
2015-09-18,0.0,0.0,0.9128809137436474,1.4266384617634404,0.0,0.0
2015-09-25,0.0,0.0,0.0,0.0,0.0,0.0
2015-10-02,0.0,0.0,0.0,0.0,0.0,0.0
2015-10-09,0.0,0.0,0.0,0.0,0.0,0.0
2015-10-16,0.0,0.0,0.21239254367399898,0.402064157622177,0.0,0.0
2015-10-23,0.0,0.0,0.0,0.0,0.0,0.0
2015-10-30,0.0,0.0,0.0,0.0,0.0,0.0
2015-11-06,0.0,0.0,0.19444000879118417,0.40759983180105774,0.0,0.0
2015-11-13,0.0,0.0,0.9144982484231123,1.4338731451400368,0.0,0.0
2015-11-20,0.0,0.0,0.0,0.0,0.0,0.0
2015-11-27,0.0,0.0,0.0,0.0,0.0,0.0
2015-12-04,0.0,0.0,0.0,0.0,0.0,0.0
2015-12-11,0.0,0.0,0.0,0.0,0.0,0.0
2015-12-18,0.0,0.0,0.0,0.0,0.0,0.0
2015-12-25,0.0,0.0,0.0,0.0,0.0,0.0
2016-01-01,0.0,0.0,0.0,0.0,0.0,0.0
2016-01-08,0.0,0.0,0.0,0.0,0.0,0.0
2016-01-15,0.0,0.0,0.0,0.0,0.0,0.0
2016-01-22,0.0,0.06092467944867325,0.0,0.0,0.08447561542639306,0.06092467944867325
2016-01-29,0.0,0.0,0.0,0.0,0.0,0.0
2016-02-05,0.0,0.0,0.0,0.0,0.0,0.0
2016-02-12,0.06643586742330315,0.0,0.07848351731036035,0.06018572872360167,0.0,0.0
2016-02-19,0.0,0.0,0.0,0.0,0.0,0.0
2016-02-26,0.0,0.0,0.0,0.0,0.0,0.0
2016-03-04,0.0,0.0,0.6957220370459218,1.1999999999999997,0.0,0.0
2016-03-11,0.0,0.0,0.0,0.0,0.0,0.0
2016-03-18,0.0,0.0,0.0,0.0,0.0,0.0
2016-03-25,0.0,0.0,0.0,0.0,0.0,0.0
2016-04-01,0.0,0.0,0.0,0.0,0.0,0.0
2016-04-08,0.0,0.0,0.0,0.0,0.0,0.0
2016-04-15,0.0,0.0,0.0,0.0,0.0,0.0
2016-04-22,0.0,0.0,0.0,0.0,0.0,0.0
2016-04-29,0.0,0.0,0.0,0.0,0.0,0.0
2016-05-06,0.0,0.0,0.0,0.0,0.0,0.0
2016-05-13,0.0,0.0,0.0,0.0,0.0,0.0
2016-05-20,0.0,0.0,0.0,0.0,0.0,0.0
2016-05-27,0.0,0.0,0.18992535119880075,0.39685544204337114,0.0,0.0
2016-06-03,0.0,0.0,0.21379817737860557,0.40206415762217695,0.0,0.0
2016-06-10,0.0,0.0,0.0,0.0,0.0,0.0
2016-06-17,0.0,0.0,0.6819308882849193,1.1868490057536434,0.0,0.0
2016-06-24,0.0,0.0,0.0,0.0,0.0,0.0
2016-07-01,0.0,0.0,0.0,0.0,0.0,0.0
2016-07-08,0.0,0.0,0.0,0.0,0.0,0.0
2016-07-15,0.0,0.0,0.7213281351266847,1.2,0.0,0.0
2016-07-22,0.0,0.0,0.0,0.0,0.0,0.0
2016-07-29,0.0,0.0,0.0,0.0,0.0,0.0
2016-08-05,0.0,0.0,0.0,0.0,0.0,0.0
2016-08-12,0.0,0.0,0.0,0.0,0.0,0.0
2016-08-19,0.0,0.0,0.0,0.0,0.0,0.0
2016-08-26,0.0,0.0,0.0,0.0,0.0,0.0
2016-09-02,0.0,0.0,0.0,0.0,0.0,0.0
2016-09-09,0.0,0.0,0.187203323282658,0.3996666001748713,0.0,0.0
2016-09-16,0.0,0.0,0.0,0.0,0.0,0.0
2016-09-23,0.0,0.0,0.0,0.0,0.0,0.0
2016-09-30,0.0,0.0,0.0,0.0,0.0,0.0
2016-10-07,0.0,0.0,0.0,0.0,0.0,0.0
2016-10-14,0.0,0.0,0.0,0.0,0.0,0.0
2016-10-21,0.0,0.0,0.0,0.0,0.0,0.0
2016-10-28,0.0,0.0,0.0,0.0,0.0,0.0
2016-11-04,0.0,0.0,0.0,0.0,0.0,0.0
2016-11-11,0.0,0.0,0.0,0.0,0.0,0.0
2016-11-18,0.0895100322106947,0.0,0.0,0.0,0.0,0.0
2016-11-25,0.0,0.0,0.0,0.0,0.0,0.0
2016-12-02,0.0,0.0,0.0,0.0,0.0,0.0
2016-12-09,0.0,0.0,0.0,0.0,0.0,0.0
2016-12-16,0.0,0.08574847389557402,0.0,0.0,0.07619920889566797,0.08574847389557402
2016-12-23,0.0,0.0,0.0,0.0,0.0,0.0
2016-12-30,0.0,0.0,0.25868839981588965,0.40206415762217707,0.0,0.0
2017-01-06,0.0,0.0,0.0,0.0,0.0,0.0
2017-01-13,0.0,0.0,0.0,0.0,0.0,0.0
2017-01-20,0.0,0.0,0.0,0.0,0.0,0.0
2017-01-27,0.0,0.0,0.0,0.0,0.0,0.0
2017-02-03,0.0,0.0,0.0,0.0,0.0,0.0
2017-02-10,0.0,0.0,0.0,0.0,0.0,0.0
2017-02-17,0.0,0.0,0.0,0.0,0.0,0.0
2017-02-24,0.0,0.0,0.0,0.0,0.0,0.0
2017-03-03,0.0,0.0,0.0,0.0,0.0,0.0
2017-03-10,0.0,0.0,0.0,0.0,0.0,0.0
2017-03-17,0.06195297641272668,0.0,0.0,0.0,0.0,0.0
2017-03-24,0.0,0.0,0.0,0.0,0.0,0.0
2017-03-31,0.0,0.0,0.0,0.0,0.0,0.0
2017-04-07,0.0,0.0,0.0,0.0,0.0,0.0
2017-04-14,0.0,0.0,0.0,0.0,0.0,0.0
2017-04-21,0.0,0.0,0.0,0.0,0.0,0.0
2017-04-28,0.0,0.0,0.0,0.0,0.0,0.0
2017-05-05,0.0,0.0,0.0,0.0,0.0,0.0
2017-05-12,0.0,0.0,0.0,0.0,0.0,0.0
2017-05-19,0.0,0.0,0.0,0.0,0.0,0.0
2017-05-26,0.0,0.0,0.0,0.0,0.0,0.0
2017-06-02,0.0,0.0,0.0,0.0,0.0,0.0
2017-06-09,0.0,0.0,0.0,0.0,0.0,0.0
2017-06-16,0.0,0.0,0.0,0.0,0.0,0.0
2017-06-23,0.0,0.0,0.0,0.0,0.0,0.0
2017-06-30,0.0,0.0,0.0,0.0,0.0,0.0
2017-07-07,0.0,0.0,0.0,0.0,0.0,0.0
2017-07-14,0.0,0.0,0.0,0.0,0.0,0.0
2017-07-21,0.0,0.0,0.0,0.0,0.0,0.0
2017-07-28,0.0,0.0,0.0,0.0,0.0,0.0
2017-08-04,0.0,0.0,0.0,0.0,0.0,0.0
2017-08-11,0.0,0.0,0.0,0.0,0.0,0.0
2017-08-18,0.0,0.0,0.0,0.0,0.0,0.0
2017-08-25,0.0,0.0,0.0,0.0,0.0,0.0
2017-09-01,0.0,0.0,0.0,0.0,0.0,0.0
2017-09-08,0.0,0.0,0.0,0.0,0.0,0.0
2017-09-15,0.0,0.0,0.0,0.0,0.0,0.0
2017-09-22,0.0,0.0,0.0,0.0,0.0,0.0
2017-09-29,0.0,0.0,0.0,0.0,0.0,0.0
2017-10-06,0.0,0.0,0.0,0.0,0.0,0.0
2017-10-13,0.0,0.0,0.0,0.0,0.0,0.0
2017-10-20,0.0,0.0,0.0,0.0,0.0,0.0
2017-10-27,0.0,0.0,0.0,0.0,0.0,0.0
2017-11-03,0.0,0.0,0.0,0.0,0.0,0.0
2017-11-10,0.0,0.0,0.0,0.0,0.0,0.0
2017-11-17,0.0,0.0,0.0,0.0,0.0,0.0
2017-11-24,0.0,0.0,0.0,0.0,0.0,0.0
2017-12-01,0.0,0.0,0.0,0.0,0.0,0.0
2017-12-08,0.0,0.0,0.0,0.0,0.0,0.0
2017-12-15,0.0,0.0,0.0,0.0,0.0,0.0
2017-12-22,0.0,0.0,0.0,0.0,0.0,0.0
2017-12-29,0.0,0.0,0.0,0.0,0.0,0.0
2018-01-05,0.0,0.0,0.0,0.0,0.0,0.0
2018-01-12,0.0,0.0,0.0,0.0,0.0,0.0
2018-01-19,0.0,0.0,0.06519733952467187,0.06207321203293886,0.0,0.0
2018-01-26,0.0,0.0,0.0,0.0,0.0,0.0
2018-02-02,0.06279105031493476,0.06618341622826485,0.7111474020217781,1.2138897027362388,0.0,0.06618341622826485
2018-02-09,0.0,0.0,0.0,0.0,0.0,0.0
2018-02-16,0.0,0.0,0.0,0.0,0.0,0.0
2018-02-23,0.0,0.0,0.0,0.0,0.0,0.0
2018-03-02,0.0,0.0,0.0,0.0,0.0,0.0
2018-03-09,0.0,0.0,0.0,0.0,0.0,0.0
2018-03-16,0.0,0.0,0.0,0.0,0.0,0.0
2018-03-23,0.0,0.0,0.0,0.0,0.0,0.0
2018-03-30,0.0,0.0,0.0,0.0,0.0,0.0
2018-04-06,0.0,0.0,0.0,0.0,0.0,0.0
2018-04-13,0.0,0.0,0.0,0.0,0.0,0.0
2018-04-20,0.0,0.0,0.718958214618656,1.1999999999999997,0.0,0.0
2018-04-27,0.0,0.0,0.0,0.0,0.0,0.0
2018-05-04,0.0,0.0,0.0,0.0,0.0,0.0
2018-05-11,0.0,0.0,0.19571883089102254,0.4045039253646111,0.0,0.0
2018-05-18,0.0,0.0,0.0,0.0,0.0,0.0
2018-05-25,0.0,0.0,0.21205652044519435,0.4020641576221769,0.0,0.0
2018-06-01,0.0,0.0,0.0,0.0,0.0,0.0
2018-06-08,0.0,0.0,0.0,0.0,0.0,0.0
2018-06-15,0.0,0.0,0.0,0.0,0.0,0.0
2018-06-22,0.0,0.0,0.0,0.0,0.0,0.0
2018-06-29,0.0,0.0,0.20601588836437376,0.4031856597976191,0.0,0.0
2018-07-06,0.0,0.0,0.0,0.0,0.0,0.0
2018-07-13,0.0,0.0,0.0,0.0,0.0,0.0
2018-07-20,0.0,0.0,0.20803467782165727,0.40206415762217684,0.062104131383624,0.0
2018-07-27,0.0,0.0,0.0,0.0,0.0,0.0
2018-08-03,0.0,0.0,0.0,0.0,0.0,0.0
2018-08-10,0.0,0.0,0.0,0.0,0.0,0.0
2018-08-17,0.0,0.0,0.0,0.0,0.0,0.0
2018-08-24,0.0,0.0,0.0,0.0,0.0,0.0
2018-08-31,0.0,0.0,0.0,0.0,0.0,0.0
2018-09-07,0.0,0.0,0.0,0.0,0.0,0.0
2018-09-14,0.0,0.0,0.0,0.0,0.0,0.0
2018-09-21,0.0,0.0,0.0,0.0,0.0,0.0
2018-09-28,0.0,0.0,0.0,0.0,0.0,0.0
2018-10-05,0.0,0.0,0.0,0.0,0.0,0.0
2018-10-12,0.0,0.0,0.7371119015947899,1.2274013303843136,0.0,0.0
2018-10-19,0.0,0.0,0.0,0.0,0.0,0.0
2018-10-26,0.0,0.0,0.0,0.0,0.0,0.0
2018-11-02,0.0,0.0,0.0,0.0,0.0,0.0
2018-11-09,0.0,0.0,0.0,0.0,0.0,0.0
2018-11-16,0.0,0.0,0.0,0.0,0.0,0.0
2018-11-23,0.0,0.0,0.0,0.0,0.0,0.0
2018-11-30,0.0,0.0,0.0,0.0,0.0,0.0
2018-12-07,0.0,0.0,0.0,0.0,0.0,0.0
2018-12-14,0.0,0.0,0.0,0.0,0.0,0.0
2018-12-21,0.0,0.0,0.3911084163183748,0.5456208617951563,0.0,0.0
2018-12-28,0.07908433500240702,0.0,0.0,0.0,0.0,0.0
2019-01-04,0.0,0.0,0.4148324818496945,0.5661268548599634,0.0,0.0
2019-01-11,0.0,0.0,0.0,0.0,0.0,0.0
2019-01-18,0.0,0.0,0.6817800331662133,1.1999999999999997,0.0,0.0
2019-01-25,0.0,0.0,0.0,0.0,0.0,0.0
2019-02-01,0.0,0.0,0.0,0.0,0.0,0.0
2019-02-08,0.0,0.0,0.0,0.0,0.0,0.0
2019-02-15,0.0,0.0,0.0,0.0,0.0,0.0
2019-02-22,0.06273086119124371,0.0,0.0,0.0,0.0,0.0
2019-03-01,0.0,0.0,0.0,0.0,0.0,0.0
2019-03-08,0.0,0.0,0.17605523105418705,0.4126555556239617,0.0,0.0
2019-03-15,0.0,0.0,0.0,0.0,0.0,0.0
2019-03-22,0.0,0.0,0.1958202886668672,0.4036386682386371,0.0,0.0
2019-03-29,0.0,0.0,0.0,0.0,0.0,0.0
2019-04-05,0.0,0.0,0.0,0.0,0.0,0.0
2019-04-12,0.0,0.0,0.0,0.0,0.0,0.0
2019-04-19,0.0,0.0,0.0,0.0,0.0,0.0
2019-04-26,0.0,0.0,0.0,0.0,0.0,0.0
2019-05-03,0.0,0.0,0.0,0.0,0.0,0.0
2019-05-10,0.0,0.0,0.0,0.0,0.0,0.0
2019-05-17,0.0,0.0,0.0,0.0,0.0,0.0
2019-05-24,0.0,0.0,0.0,0.0,0.0,0.0
2019-05-31,0.0,0.0,0.6907405547256272,1.1987069080418806,0.0,0.0
2019-06-07,0.0,0.0,0.0,0.0,0.0,0.0
2019-06-14,0.0,0.0,0.0,0.0,0.0,0.0
2019-06-21,0.0,0.0,0.0,0.0,0.0,0.0
2019-06-28,0.0,0.0,0.707592845413969,1.1999999999999997,0.0,0.0
2019-07-05,0.0,0.0,0.0,0.0,0.0,0.0
2019-07-12,0.0,0.0,0.0,0.0,0.0,0.0
2019-07-19,0.0,0.0,0.0,0.0,0.0,0.0
2019-07-26,0.0,0.0,0.0,0.0,0.0,0.0
2019-08-02,0.0,0.0,0.7083140037692263,1.212693082086393,0.0,0.0
2019-08-09,0.0,0.0,0.0,0.0,0.0,0.0
2019-08-16,0.0,0.0,0.0,0.0,0.0,0.0
2019-08-23,0.06963539831851873,0.0,0.0,0.0,0.0,0.0
2019-08-30,0.0,0.0,0.0,0.0,0.0,0.0
2019-09-06,0.0,0.0,0.0,0.0,0.0,0.0
2019-09-13,0.0,0.0,0.7432468211671608,1.2,0.0,0.0
2019-09-20,0.0,0.0,0.0,0.0,0.0,0.0
2019-09-27,0.0,0.0,0.0,0.0,0.0,0.0
2019-10-04,0.0,0.0,0.0,0.0,0.0,0.0
2019-10-11,0.0,0.0,0.0,0.0,0.0,0.0
2019-10-18,0.0,0.0,0.0,0.0,0.0,0.0
2019-10-25,0.0,0.0,0.0,0.0,0.0,0.0
2019-11-01,0.0,0.0,0.0,0.0,0.0,0.0
2019-11-08,0.0,0.0,0.0,0.0,0.0,0.0
2019-11-15,0.06917222423183911,0.0,0.0,0.0,0.0,0.0
2019-11-22,0.0,0.0,0.0,0.0,0.0,0.0
2019-11-29,0.0,0.0,0.0,0.0,0.0,0.0
2019-12-06,0.0,0.0,0.0,0.0,0.0,0.0
2019-12-13,0.0,0.0,0.0,0.0,0.0,0.0
2019-12-20,0.0,0.0,0.0,0.0,0.0,0.0
2019-12-27,0.0,0.0,0.0,0.0,0.0,0.0
2020-01-03,0.0,0.0,0.0,0.0,0.0,0.0
2020-01-10,0.0,0.0,0.0,0.0,0.0,0.0
2020-01-17,0.0,0.0,0.0,0.0,0.0,0.0
2020-01-24,0.0,0.0,0.0,0.0,0.0,0.0
2020-01-31,0.0,0.0,0.7362422228173917,1.241361037452768,0.0,0.0
2020-02-07,0.0,0.0,0.0,0.0,0.0,0.0
2020-02-14,0.0,0.0,0.0,0.0,0.0,0.0
2020-02-21,0.0,0.0,0.0,0.0,0.0,0.0
2020-02-28,0.0,0.0,0.3985290495014737,0.5588166115401629,0.06198128709957221,0.0
2020-03-06,0.0891235608653399,0.06952602802610536,0.0,0.0,0.0,0.06952602802610536
2020-03-13,0.0,0.0,0.0,0.0,0.07136189893742967,0.0
2020-03-20,0.0,0.0,0.06487949653603381,0.0,0.0,0.0
2020-03-27,0.1403617943984128,0.10839075668175643,0.0,0.08219156629821822,0.0,0.10839075668175643
2020-04-03,0.0,0.0,0.0,0.0,0.0,0.0
2020-04-10,0.0,0.0,0.0,0.0,0.0,0.0
2020-04-17,0.07691469233892528,0.0,0.0,0.0,0.0,0.0
2020-04-24,0.0,0.0,0.4146631112207129,0.5661268548599634,0.0,0.0
2020-05-01,0.0,0.0,0.0,0.0,0.0,0.0
2020-05-08,0.0,0.0,0.0,0.0,0.0,0.0
2020-05-15,0.0,0.0,0.0,0.0,0.0,0.0
2020-05-22,0.0,0.0,0.0,0.0,0.0,0.0
2020-05-29,0.0,0.0,0.0,0.0,0.0,0.0
2020-06-05,0.0,0.07184819118994451,0.0,0.0,0.0,0.07184819118994451
2020-06-12,0.0912352639418606,0.0,0.0,0.0,0.0,0.0
2020-06-19,0.0,0.0,0.0,0.0,0.0,0.0
2020-06-26,0.0,0.0,0.0,0.0,0.0,0.0
2020-07-03,0.0,0.0,0.0,0.0,0.0,0.0
2020-07-10,0.0,0.0,0.0,0.0,0.0,0.0
2020-07-17,0.0,0.0,0.0,0.0,0.0,0.0
2020-07-24,0.0,0.0,0.0,0.0,0.0,0.0
2020-07-31,0.0,0.0,0.0,0.0,0.0,0.0
2020-08-07,0.0,0.0,0.0,0.0,0.0,0.0
2020-08-14,0.0,0.0,0.6781329912111125,1.1999999999999997,0.0,0.0
2020-08-21,0.0,0.0,0.0,0.0,0.0,0.0
2020-08-28,0.0,0.0,0.19208541764992285,0.40316065232242815,0.0,0.0
2020-09-04,0.0,0.0,0.0,0.0,0.06882269903177335,0.0
2020-09-11,0.0,0.0,0.0,0.0,0.0,0.0
2020-09-18,0.0,0.0,0.0,0.0,0.0,0.0
2020-09-25,0.0,0.0,0.0,0.0,0.0,0.0
2020-10-02,0.0,0.0,0.0,0.0,0.0,0.0
2020-10-09,0.0,0.0,0.0,0.0,0.0,0.0
2020-10-16,0.0,0.0,0.21460557601632824,0.40206415762217707,0.0,0.0
2020-10-23,0.0,0.0,0.0,0.0,0.0,0.0
2020-10-30,0.0,0.0,0.7044473766654982,1.2019503219982675,0.0,0.0
2020-11-06,0.0,0.0,0.0,0.0,0.0,0.0
2020-11-13,0.0,0.0,0.0,0.0,0.0,0.0
2020-11-20,0.0,0.0,0.0,0.0,0.0,0.0
2020-11-27,0.0,0.0,0.0,0.0,0.0,0.0
2020-12-04,0.0,0.06137668943704708,0.67400621364318,1.1999999999999997,0.0,0.06137668943704708
2020-12-11,0.0727810514919825,0.0,0.0,0.0,0.0,0.0
2020-12-18,0.0,0.0,0.0,0.0,0.0,0.0
2020-12-25,0.0,0.0,0.0,0.0,0.0,0.0
2021-01-01,0.0,0.0,0.0,0.0,0.0,0.0
2021-01-08,0.0,0.0,0.0,0.0,0.0,0.0
2021-01-15,0.0,0.0,0.17115478614315632,0.40777290932162,0.0,0.0
2021-01-22,0.0,0.0,0.0,0.0,0.0,0.0
2021-01-29,0.0,0.0,0.899947829117068,1.4338731451400366,0.0,0.0
2021-02-05,0.0,0.0,0.0,0.0,0.0,0.0
2021-02-12,0.0,0.0,0.8841592262304152,1.4227896952866532,0.0,0.0
2021-02-19,0.0,0.0,0.0,0.0,0.0,0.0
2021-02-26,0.0634424069052878,0.0,0.0,0.0,0.0,0.0
2021-03-05,0.0,0.0,0.0,0.0,0.0,0.0
2021-03-12,0.0,0.0,0.0,0.0,0.10059966667313083,0.0
2021-03-19,0.0,0.07367671469094755,0.0,0.0,0.0,0.07367671469094755
2021-03-26,0.0,0.0,0.0,0.0,0.0,0.0
2021-04-02,0.0,0.0,0.0,0.0,0.0,0.0
2021-04-09,0.0,0.0,0.0,0.0,0.0,0.0
2021-04-16,0.0,0.0,0.24060397747529697,0.40206415762217695,0.0,0.0
2021-04-23,0.0,0.0,0.0,0.0,0.0,0.0
2021-04-30,0.0,0.0,0.0,0.0,0.0,0.0
2021-05-07,0.0,0.0,0.0,0.0,0.0,0.0
2021-05-14,0.0,0.0,0.0,0.0,0.0,0.0
2021-05-21,0.0,0.0,0.0,0.0,0.0,0.0
2021-05-28,0.0,0.0,0.0,0.0,0.0,0.0
2021-06-04,0.0,0.0,0.0,0.0,0.0,0.0
2021-06-11,0.0,0.0,0.0,0.0,0.0,0.0
2021-06-18,0.0,0.0,0.20965635616914513,0.41213421517240056,0.0,0.0
2021-06-25,0.0,0.0,0.0,0.0,0.0,0.0
2021-07-02,0.0,0.0,0.0,0.0,0.0,0.0
2021-07-09,0.0,0.0,0.0,0.0,0.0,0.0
2021-07-16,0.0,0.0,0.2126015399379998,0.402064157622177,0.0,0.0
2021-07-23,0.0,0.0,0.0,0.0,0.0,0.0
2021-07-30,0.0,0.0,0.0,0.0,0.0,0.0
2021-08-06,0.0,0.0,0.0,0.0,0.0,0.0
2021-08-13,0.0,0.0,0.0,0.0,0.0,0.0
2021-08-20,0.0,0.0,0.0,0.0,0.0,0.0
2021-08-27,0.0,0.0,0.0,0.0,0.0,0.0
2021-09-03,0.0,0.0,0.0,0.0,0.0,0.0
2021-09-10,0.0,0.0,0.0,0.0,0.0,0.0
2021-09-17,0.0,0.0,0.0,0.0,0.0,0.0
2021-09-24,0.0,0.0,0.20446900400201662,0.402622204247957,0.0,0.0
2021-10-01,0.0,0.0,0.0,0.0,0.0,0.0
2021-10-08,0.0,0.0,0.0,0.0,0.0,0.0
2021-10-15,0.0,0.0,0.0,0.0,0.0,0.0
2021-10-22,0.0,0.0,0.0,0.0,0.0,0.0
2021-10-29,0.06762823688671754,0.0,0.21773043436791173,0.40206415762217707,0.0,0.0
2021-11-05,0.0,0.0,0.0,0.0,0.0,0.0
2021-11-12,0.0,0.0,0.0,0.0,0.0,0.0
2021-11-19,0.0,0.0,0.0,0.0,0.0,0.0
2021-11-26,0.0,0.0,0.2011107886765321,0.4124809178626148,0.0,0.0
2021-12-03,0.0,0.0,0.0,0.0,0.0,0.0
2021-12-10,0.0,0.0,0.0,0.0,0.0,0.0
2021-12-17,0.0,0.0,0.0,0.0,0.0,0.0
2021-12-24,0.0,0.0,0.0,0.0,0.0,0.0
2021-12-31,0.0,0.0,0.0,0.0,0.0,0.0
2022-01-07,0.0,0.0,0.0,0.0,0.0,0.0
2022-01-14,0.0,0.0,0.0,0.0,0.0,0.0
2022-01-21,0.0,0.0,0.9078574227596026,1.4338731451400366,0.0,0.0
2022-01-28,0.0,0.0,0.0,0.0,0.0,0.0
2022-02-04,0.0,0.0,0.0,0.0,0.0,0.0
2022-02-11,0.0,0.0,0.0,0.0,0.0,0.0
2022-02-18,0.0,0.0,0.0,0.0,0.0,0.0
2022-02-25,0.0,0.0,0.0,0.0,0.0,0.0
2022-03-04,0.0,0.0,0.0,0.0,0.0,0.0
2022-03-11,0.0,0.0,0.0,0.0,0.0,0.0
2022-03-18,0.0,0.0,0.0,0.06735028349252553,0.0,0.0
2022-03-25,0.0,0.0,0.0,0.0,0.0,0.0
2022-04-01,0.0,0.0,0.9010816765844408,1.4200037103609109,0.0,0.0
2022-04-08,0.0,0.0,0.0,0.0,0.0,0.0
2022-04-15,0.06051996761837969,0.0,0.0,0.0,0.0,0.0
2022-04-22,0.0,0.0955901052103664,0.0,0.0,0.10906142675087899,0.0955901052103664
2022-04-29,0.0,0.0,0.0,0.0,0.0,0.0
2022-05-06,0.0,0.0,0.0,0.0,0.0,0.0
2022-05-13,0.0,0.0,0.0,0.0,0.0,0.0
2022-05-20,0.0,0.0,0.0,0.0,0.0,0.0
2022-05-27,0.0,0.0,0.8795937296538987,1.4338731451400366,0.0,0.0
2022-06-03,0.0,0.0,0.0,0.0,0.0,0.0
2022-06-10,0.0,0.0,0.0,0.0,0.0,0.0
2022-06-17,0.0,0.0,0.38640768062513586,0.5831892253939881,0.0,0.0
2022-06-24,0.0,0.0,0.0,0.0,0.0,0.0
2022-07-01,0.0,0.0,0.3923947765432642,0.5712360220775675,0.0,0.0
2022-07-08,0.0,0.0,0.0,0.0,0.0,0.0
2022-07-15,0.0,0.0,0.0,0.0,0.0,0.0
2022-07-22,0.0,0.0,0.0,0.0,0.0,0.0
2022-07-29,0.0,0.0,0.0,0.0,0.0,0.0
2022-08-05,0.0,0.0,0.0,0.0,0.0,0.0
2022-08-12,0.0,0.0,0.0,0.0,0.0,0.0
2022-08-19,0.0,0.0,0.0,0.0,0.0,0.0
2022-08-26,0.0,0.0,0.0,0.0,0.0,0.0
2022-09-02,0.0,0.0,0.0,0.0,0.0,0.0
2022-09-09,0.0,0.0,0.0,0.0,0.0,0.0
2022-09-16,0.0,0.0,0.0,0.0,0.0,0.0
2022-09-23,0.0,0.0,0.0,0.0,0.0,0.0
2022-09-30,0.0,0.0,0.0,0.0,0.0,0.0
2022-10-07,0.0,0.0,0.0,0.0,0.0,0.0
2022-10-14,0.0,0.0,0.0,0.0,0.0,0.0
2022-10-21,0.0,0.0,0.0,0.0,0.0,0.0
2022-10-28,0.0,0.0,0.0,0.0,0.0,0.0
2022-11-04,0.0,0.0,0.0,0.0,0.0,0.0
2022-11-11,0.0,0.0,0.0,0.0,0.0,0.0
2022-11-18,0.0,0.0,0.06080335405881368,0.0,0.0,0.0
2022-11-25,0.0,0.0,0.0,0.0,0.0,0.0
2022-12-02,0.0,0.0,0.0,0.0,0.0,0.0
2022-12-09,0.0,0.0,0.0,0.0,0.0,0.0
2022-12-16,0.0,0.0,0.0,0.0,0.0,0.0
2022-12-23,0.0,0.0,0.7397694191220816,1.1999999999999997,0.0,0.0
2022-12-30,0.0,0.0,0.0,0.0,0.0,0.0
2023-01-06,0.0,0.0,0.0,0.0,0.0,0.0
2023-01-13,0.0,0.0,0.0,0.0,0.0,0.0
2023-01-20,0.0,0.0,0.0,0.0,0.0,0.0
2023-01-27,0.0,0.0,0.0,0.0,0.0,0.0
2023-02-03,0.0,0.0,0.1873781718591967,0.4114913772973181,0.0,0.0
2023-02-10,0.0,0.0,0.0,0.0,0.0,0.0
2023-02-17,0.0,0.0,0.0,0.0,0.0,0.0
2023-02-24,0.0,0.0,0.0,0.0,0.0,0.0
2023-03-03,0.0,0.0,0.0,0.0,0.0,0.0
2023-03-10,0.0,0.0,0.9111781939089533,1.4338731451400364,0.0,0.0
2023-03-17,0.0,0.0,0.0,0.0,0.0,0.0
2023-03-24,0.0,0.0,0.0,0.0,0.0,0.0
2023-03-31,0.0,0.0,0.0,0.0,0.0,0.0
2023-04-07,0.0,0.0,0.7156120202229839,1.2,0.0,0.0
2023-04-14,0.0,0.0,0.0,0.0,0.0,0.0
2023-04-21,0.0,0.0,0.0,0.0,0.0,0.0
2023-04-28,0.0,0.0,0.0,0.0,0.0,0.0
2023-05-05,0.0,0.0,0.0,0.0,0.0,0.0
2023-05-12,0.0,0.0,0.0,0.0,0.0,0.0
2023-05-19,0.0,0.0,0.1973909696711262,0.4056076572276955,0.0,0.0
2023-05-26,0.06337184334817741,0.0,0.0,0.0,0.0,0.0
2023-06-02,0.0,0.0,0.0,0.0,0.0,0.0
2023-06-09,0.0,0.0,0.0,0.0,0.0,0.0
2023-06-16,0.0,0.0,0.0,0.0,0.0,0.0
2023-06-23,0.0,0.0,0.0,0.0,0.0,0.0
2023-06-30,0.0,0.0,0.0,0.0,0.0,0.0
2023-07-07,0.0,0.0,0.0,0.0,0.0,0.0
2023-07-14,0.0,0.0,0.0,0.0,0.0,0.0
2023-07-21,0.0,0.0,0.0,0.0,0.0,0.0
2023-07-28,0.0,0.0,0.0,0.0,0.0,0.0
2023-08-04,0.0,0.0629272163299757,0.0,0.0,0.0,0.0629272163299757
2023-08-11,0.0,0.0,0.0,0.0,0.06415250376004514,0.0
2023-08-18,0.0,0.0,0.0,0.0,0.0,0.0
2023-08-25,0.0,0.0,0.0,0.0,0.0,0.0
2023-09-01,0.0,0.0,0.0,0.0,0.0,0.0
2023-09-08,0.06353182770865518,0.0,0.0,0.0,0.0,0.0
2023-09-15,0.0,0.0,0.0,0.0,0.0,0.0
2023-09-22,0.0,0.0,0.0,0.0,0.0,0.0
2023-09-29,0.0,0.0,0.0,0.0,0.0,0.0
2023-10-06,0.0,0.0,0.0,0.0,0.0,0.0
2023-10-13,0.0,0.0,0.0,0.0,0.0,0.0
2023-10-20,0.0,0.0,0.0,0.0,0.0,0.0
2023-10-27,0.0,0.0,0.0,0.0,0.0,0.0
2023-11-03,0.0,0.0,0.9308312520167491,1.4338731451400366,0.0,0.0
2023-11-10,0.0,0.0,0.0,0.0,0.0,0.0
2023-11-17,0.0,0.0,0.0,0.0,0.0,0.0
2023-11-24,0.0,0.0,0.6816941721639465,1.2000000000000002,0.0,0.0
2023-12-01,0.0,0.0,0.0,0.0,0.0,0.0
2023-12-08,0.0,0.0,0.0,0.0,0.0,0.0
2023-12-15,0.0,0.0,0.0,0.0,0.0,0.0
2023-12-22,0.0,0.0,0.0,0.0,0.0,0.0
2023-12-29,0.0,0.0,0.0,0.0,0.0,0.0
2024-01-05,0.0,0.0,0.0,0.0,0.0,0.0
2024-01-12,0.0,0.0,0.0,0.0,0.0,0.0
2024-01-19,0.0,0.0,0.0,0.0,0.0,0.0
2024-01-26,0.0,0.0,0.0,0.0,0.0,0.0
2024-02-02,0.0,0.0,0.0,0.0,0.0,0.0
2024-02-09,0.0,0.0,0.0,0.0,0.0,0.0
2024-02-16,0.0,0.0,0.0,0.0,0.0,0.0
2024-02-23,0.0,0.0,0.0,0.0,0.0,0.0
2024-03-01,0.0,0.0,0.0,0.0,0.0,0.0
2024-03-08,0.0,0.0,0.0,0.0,0.0,0.0
2024-03-15,0.0,0.0,0.0,0.0,0.0,0.0
2024-03-22,0.06048227262128364,0.0,0.0,0.0,0.0,0.0
2024-03-29,0.0,0.0,0.0,0.0,0.0,0.0
2024-04-05,0.0,0.0,0.0,0.0,0.0,0.0
2024-04-12,0.0,0.07602314094298393,0.0,0.0,0.0,0.07602314094298393
2024-04-19,0.0,0.0,0.18166937761478738,0.4263702612994837,0.0,0.0
2024-04-26,0.0,0.0,0.0,0.0,0.0733116431565467,0.0
2024-05-03,0.0,0.0,0.0,0.0,0.0,0.0
2024-05-10,0.0,0.0,0.0,0.0,0.0,0.0
2024-05-17,0.0,0.0,0.20512930767009213,0.40206415762217695,0.0,0.0
2024-05-24,0.0,0.0,0.0,0.0,0.0,0.0
2024-05-31,0.0,0.0,0.0,0.0,0.0,0.0
2024-06-07,0.0,0.0,0.0,0.0,0.0,0.0
2024-06-14,0.0,0.0,0.0,0.0,0.0,0.0
2024-06-21,0.0,0.0,0.0,0.0,0.0,0.0
2024-06-28,0.0,0.0,0.0,0.0,0.0,0.0
2024-07-05,0.0,0.0,0.0,0.0,0.0,0.0
2024-07-12,0.0,0.0,0.0,0.0,0.0,0.0
2024-07-19,0.0,0.0,0.0,0.0,0.0,0.0
2024-07-26,0.0,0.0,0.0,0.0,0.0,0.0
2024-08-02,0.0,0.0,0.0,0.0,0.0,0.0
2024-08-09,0.0,0.0,0.0,0.0,0.0,0.0
2024-08-16,0.0,0.0,0.6861492353607591,1.1937327927520818,0.0,0.0
2024-08-23,0.0,0.0,0.0,0.0,0.0,0.0
2024-08-30,0.0,0.0,0.0,0.0,0.0,0.0
2024-09-06,0.0,0.0,0.0,0.0,0.0,0.0
2024-09-13,0.0,0.0,0.0,0.0,0.0,0.0
2024-09-20,0.0,0.0,0.0,0.0,0.0,0.0
2024-09-27,0.0,0.0,0.0,0.0,0.0,0.0
2024-10-04,0.0,0.0,0.6947303383053676,1.1999999999999997,0.0,0.0
2024-10-11,0.0,0.0,0.0,0.0,0.0,0.0
2024-10-18,0.0,0.0,0.0,0.0,0.0,0.0
2024-10-25,0.0,0.0,0.0,0.0,0.0,0.0
2024-11-01,0.0,0.0,0.18367798500236052,0.40712356183319776,0.0,0.0
2024-11-08,0.0,0.0,0.0,0.0,0.0,0.0
2024-11-15,0.06965126517209258,0.0,0.0,0.0,0.0,0.0
2024-11-22,0.0,0.0,0.0,0.0,0.0,0.0
2024-11-29,0.0,0.0,0.0,0.0,0.0,0.0
2024-12-06,0.0,0.0,0.0,0.0,0.0,0.0
2024-12-13,0.0,0.0,0.0,0.0,0.0,0.0
2024-12-20,0.0,0.0,0.0,0.0,0.0,0.0
2024-12-27,0.0,0.0,0.0,0.0,0.0,0.0
2025-01-03,0.0,0.0,0.0,0.0,0.0,0.0
2025-01-10,0.0,0.0,0.0,0.0,0.0,0.0
2025-01-17,0.0,0.0,0.0,0.0,0.0,0.0
2025-01-24,0.0,0.0,0.2201547091254372,0.4020641576221771,0.0,0.0
2025-01-31,0.0,0.0,0.0,0.0,0.0,0.0
2025-02-07,0.0,0.0,0.0,0.0,0.0,0.0
2025-02-14,0.0,0.0,0.0,0.0,0.0,0.0
2025-02-21,0.0,0.0,0.0,0.0,0.0,0.0
2025-02-28,0.0,0.0,0.0,0.0,0.0,0.0
2025-03-07,0.0,0.0,0.6739910697931374,1.1799806511328441,0.0,0.0
2025-03-14,0.0,0.0,0.0,0.0,0.0,0.0
2025-03-21,0.0,0.06957636432999015,0.0,0.0,0.0,0.06957636432999015
2025-03-28,0.0,0.0,0.0,0.0,0.0,0.0
2025-04-04,0.0,0.0,0.35873019460496264,0.5907096946894688,0.062255541219395194,0.0
2025-04-11,0.08792285993121474,0.0,0.0,0.0,0.0,0.0
2025-04-18,0.0,0.0,0.439700746218485,0.5661268548599634,0.0,0.0
2025-04-25,0.0,0.0,0.0,0.0,0.0,0.0
2025-05-02,0.0,0.0,0.0,0.0,0.0,0.0
2025-05-09,0.07910484731595313,0.0,0.0,0.0,0.0,0.0
2025-05-16,0.0,0.0,0.0,0.0,0.0,0.0
2025-05-23,0.0,0.0,0.0,0.0,0.0,0.0
2025-05-30,0.0,0.0,0.0,0.0,0.0,0.0
2025-06-06,0.0,0.0,0.0,0.0,0.0,0.0
2025-06-13,0.0,0.0,0.6570909052839065,1.2,0.0,0.0
2025-06-20,0.0,0.0,0.0,0.0,0.0,0.0
2025-06-27,0.0,0.0,0.21137095496651315,0.4084749920772909,0.0,0.0
2025-07-04,0.0,0.0,0.0,0.0,0.0,0.0
2025-07-11,0.0,0.0,0.0,0.0,0.0,0.0
2025-07-18,0.0,0.0,0.0,0.0,0.0,0.0
2025-07-25,0.0,0.0,0.0,0.0,0.0,0.0
2025-08-01,0.0,0.0,0.0,0.0,0.0,0.0
2025-08-08,0.0,0.0,0.0,0.0,0.0,0.0
2025-08-15,0.0,0.0,0.0,0.0,0.0,0.0
2025-08-22,0.0616038345430554,0.0,0.2338640984268613,0.402064157622177,0.0,0.0
2025-08-29,0.0,0.0,0.0,0.0,0.0,0.0
2025-09-05,0.0,0.0,0.0,0.0,0.0,0.0
2025-09-12,0.0,0.0,0.0,0.0,0.0,0.0
2025-09-19,0.0,0.0,0.0,0.0,0.0,0.0
2025-09-26,0.0,0.0,0.0,0.0,0.0,0.0
2025-10-03,0.0,0.0,0.0,0.0,0.0,0.0
2025-10-10,0.0,0.09414575353751908,0.6822696350962751,1.1931560797452483,0.0,0.09414575353751908
2025-10-17,0.0,0.0,0.0,0.0,0.09323047144594473,0.0
2025-10-24,0.0,0.0,0.0,0.0,0.0,0.0
2025-10-31,0.0,0.0,0.0,0.0,0.0,0.0
2025-11-07,0.0,0.0,0.9021359981588928,1.441120251760629,0.0,0.0
2025-11-14,0.0,0.0,0.0,0.0,0.0,0.0
2025-11-21,0.0,0.0,0.0,0.0,0.0,0.0
2025-11-28,0.0,0.0,0.0,0.0,0.0,0.0
2025-12-05,0.0,0.0,0.20122007093055594,0.40469971347134415,0.0,0.0
2025-12-12,0.0,0.0,0.0,0.0,0.0,0.0
2025-12-19,0.0,0.0,0.0,0.0,0.0,0.0
2025-12-26,0.0,0.0,0.0,0.0,0.0,0.0
2026-01-02,0.0,0.0,0.0,0.0,0.0,0.0
2026-01-09,0.0,0.0,0.0,0.0,0.0,0.0
2026-01-16,0.0,0.0,0.0,0.0,0.0,0.0
2026-01-23,0.0,0.0,0.0,0.0,0.0,0.0
2026-01-30,0.0,0.09084340268437366,0.0,0.0,0.07545423460516865,0.09084340268437366
2026-02-06,0.0,0.0,0.0,0.0,0.0,0.0
2026-02-13,0.0,0.0,0.0,0.0,0.0,0.0
2026-02-20,0.0,0.0,0.0,0.0,0.0,0.0
2026-02-27,0.0,0.0,0.0,0.0,0.0,0.0
